Tweeturl,Username,Tweet,ReplyUsername,Replies
https://twitter.com/hm/status/1549371703700213760,"H&M
@hm
·
Jul 21, 2022","New collab incoming!
Hint: 

Guess below! ","WTB 2 TIX ERAS TOUR SG
@midrainfall
·
Jul 20, 2022",For everyone that guessed #StrangerThings  it’s time to turn your style Upside Down.
https://twitter.com/hm/status/1549371703700213760,"H&M
@hm
·
Jul 21, 2022","New collab incoming!
Hint: 

Guess below! ","hugoblabla12
@hugo_blabla12
·
Jul 19, 2022",YEAYYYYYY!!!!!!!
https://twitter.com/hm/status/1549371703700213760,"H&M
@hm
·
Jul 21, 2022","New collab incoming!
Hint: 

Guess below! ","Raven
@ravenslife711
·
Jul 20, 2022",Stranger Things?!!
https://twitter.com/hm/status/1549371703700213760,"H&M
@hm
·
Jul 21, 2022","New collab incoming!
Hint: 

Guess below! ","Karina M
@chikirrikycola
·
Jul 22, 2022",Just tell me when 
https://twitter.com/hm/status/1549371703700213760,"H&M
@hm
·
Jul 21, 2022","New collab incoming!
Hint: 

Guess below! ","payel
@payel66852467
·
Jul 23, 2022",Cuando tendrán el perfume rue cremieux?!!???
https://twitter.com/hm/status/1549371703700213760,"H&M
@hm
·
Jul 21, 2022","New collab incoming!
Hint: 

Guess below! ","love, mandez ♡
@DabaddestMndz
·
Jul 19, 2022","@hm
 it’s been more then 11 days now I have received the item which was delivered on 11th July and returned it on the same day and I can’t see any sign of refund and the customer service is not responding my calls what should I do now ? Please try to understand my concern"
https://twitter.com/hm/status/1549371703700213760,"H&M
@hm
·
Jul 21, 2022","New collab incoming!
Hint: 

Guess below! ","Nur's_Az
@DREAMING_R0B0T
·
Jul 19, 2022",Stranger Things
https://twitter.com/hm/status/1549371703700213760,"H&M
@hm
·
Jul 21, 2022","New collab incoming!
Hint: 

Guess below! ","fai
@getfaid
·
Jul 20, 2022",
https://twitter.com/hm/status/1549371703700213760,"H&M
@hm
·
Jul 21, 2022","New collab incoming!
Hint: 

Guess below! ","Svgerz sweetie
@Svgerz
·
Jul 20, 2022",Stranger Things. That’s not waffle that’s eggo
https://twitter.com/hm/status/1549371703700213760,"H&M
@hm
·
Jul 21, 2022","New collab incoming!
Hint: 

Guess below! ","vicky
@HandalVictoria
·
Jul 19, 2022",Stranger Things
https://twitter.com/hm/status/1549371703700213760,"H&M
@hm
·
Jul 21, 2022","New collab incoming!
Hint: 

Guess below! ","vicky
@HandalVictoria
·
Jul 19, 2022",Stranger Things
https://twitter.com/hm/status/1551920464028639234,"✙ EL
@ellind_ellind
·
Jul 29, 2022",They’re a 10 but they try to return swimsuits after vacation.,"✙ EL
@ellind_ellind
·
Jul 29, 2022",
https://twitter.com/hm/status/1551920464028639234,"✙ EL
@ellind_ellind
·
Jul 29, 2022",They’re a 10 but they try to return swimsuits after vacation.,"MeurerT
@Meurer_T_
·
Jul 29, 2022",
https://twitter.com/hm/status/1551920464028639234,"✙ EL
@ellind_ellind
·
Jul 29, 2022",They’re a 10 but they try to return swimsuits after vacation.,"Anne E.
@UtGrun
·
Jul 29, 2022",I do suggest taking on a different type of company policy.. I don't think the Belarusian roubles are worth the canceleuro's and dollars that this might bring... #Ukraine #Kherson
https://twitter.com/hm/status/1551920464028639234,"✙ EL
@ellind_ellind
·
Jul 29, 2022",They’re a 10 but they try to return swimsuits after vacation.,"San J π
@SanoanhOfficial
·
Jul 26, 2022",Shame on you. I will spend no money in your shop anymore. And not only me... more people will turn their back on you!!!! Just leave Bellarus.
https://twitter.com/hm/status/1551920464028639234,"✙ EL
@ellind_ellind
·
Jul 29, 2022",They’re a 10 but they try to return swimsuits after vacation.,"Baltisches_blanc
@majorityrules69
·
Jul 31, 2022",She just 10 but want buy #SHIB
https://twitter.com/hm/status/1551920464028639234,"✙ EL
@ellind_ellind
·
Jul 29, 2022",They’re a 10 but they try to return swimsuits after vacation.,"Dr David Baird
@DavidBa35992616
·
Jul 29, 2022","Me, my family, my friends, my work colleagues will no longer buy your products. A disgrace."
https://twitter.com/hm/status/1551920464028639234,"✙ EL
@ellind_ellind
·
Jul 29, 2022",They’re a 10 but they try to return swimsuits after vacation.,"Bajan
@2morrowisnext
·
Jul 29, 2022",They're a 10 but they want to reopen their stores in Belorus the day after Belorus launches 25 rockets at civilians in Kyiv.
https://twitter.com/hm/status/1551920464028639234,"✙ EL
@ellind_ellind
·
Jul 29, 2022",They’re a 10 but they try to return swimsuits after vacation.,"Alchemie
@Alchemietech
·
Jul 27, 2022",Leave belarus
https://twitter.com/hm/status/1551920464028639234,"✙ EL
@ellind_ellind
·
Jul 29, 2022",They’re a 10 but they try to return swimsuits after vacation.,"Pythagoras
@pacmanJochy
·
Jul 26, 2022","This summer, we encourage everyone to think of eco-conscious ways to enjoy their holidays!"
https://twitter.com/hm/status/1551920464028639234,"✙ EL
@ellind_ellind
·
Jul 29, 2022",They’re a 10 but they try to return swimsuits after vacation.,"XannaX
@E_anna32
·
Jul 26, 2022",Bagner
https://twitter.com/hm/status/1551920464028639234,"✙ EL
@ellind_ellind
·
Jul 29, 2022",They’re a 10 but they try to return swimsuits after vacation.,"Suhail Kahraman سہیل کہراماں सुहैल कहरामन
@Suhail_kahraman
·
Jul 29, 2022",Lmaooo
https://twitter.com/hm/status/1551920464028639234,"✙ EL
@ellind_ellind
·
Jul 29, 2022",They’re a 10 but they try to return swimsuits after vacation.,"hemedâni
@hemedni1
·
Jul 29, 2022","@hm
 @hm_custserv
 Order ID #22913734082  in this order id my  products is returned,picked and reach Wearhouse 20days ago but  why not initiate refund of product and my return created by you and approved"
https://twitter.com/hm/status/1551920464028639234,"✙ EL
@ellind_ellind
·
Jul 29, 2022",They’re a 10 but they try to return swimsuits after vacation.,"Andreas
@andyalien
·
Jul 29, 2022",Türkiye de batacaksın
https://twitter.com/hm/status/1551920464028639234,"✙ EL
@ellind_ellind
·
Jul 29, 2022",They’re a 10 but they try to return swimsuits after vacation.,"Andreas
@andyalien
·
Jul 29, 2022",Türkiye de batacaksın
https://twitter.com/hm/status/1551920464028639234,"✙ EL
@ellind_ellind
·
Jul 29, 2022",They’re a 10 but they try to return swimsuits after vacation.,"Andreas
@andyalien
·
Jul 29, 2022",Türkiye de batacaksın
https://twitter.com/hm/status/1480592159023714307,"king
@Serdar_esmerr
·
Jan 10, 2022","Congratulations to 
@MjRodriguez7
 on your historic Golden Globes win!","Lizorell
@LizaSajere
·
Jun 9, 2022",#ceek
https://twitter.com/hm/status/1480592159023714307,"king
@Serdar_esmerr
·
Jan 10, 2022","Congratulations to 
@MjRodriguez7
 on your historic Golden Globes win!","Archana
@Archana36805082
·
Jan 24, 2022",Congrats
https://twitter.com/hm/status/1480592159023714307,"king
@Serdar_esmerr
·
Jan 10, 2022","Congratulations to 
@MjRodriguez7
 on your historic Golden Globes win!","Anshima Yadav
@AnshimaYadav1
·
Jan 26, 2022",I’m having major issues with most of the orders I placed on H&M India. We are being harassed and Cheated in broad daylight!!
https://twitter.com/hm/status/1480592159023714307,"king
@Serdar_esmerr
·
Jan 10, 2022","Congratulations to 
@MjRodriguez7
 on your historic Golden Globes win!","Maen Orabi
@MaenEliasOrabi
·
Jan 21, 2022","One of the biggest fraud website I have ever seen. These guys are not initiating my refund from last 50 days or more than that.
So it's a suggestions that don't make any purchase from them .
Every time when I contact them they are giving me time n time nothing else."
https://twitter.com/hm/status/1480592159023714307,"king
@Serdar_esmerr
·
Jan 10, 2022","Congratulations to 
@MjRodriguez7
 on your historic Golden Globes win!","ROZSIE
@ROZSIE1
·
May 9, 2022",Congratulations 
https://twitter.com/hm/status/1480592159023714307,"king
@Serdar_esmerr
·
Jan 10, 2022","Congratulations to 
@MjRodriguez7
 on your historic Golden Globes win!","ABEL FAUSTINE SILAYO
@abelisilayo
·
Jul 16, 2022",LOOKS STAY ICON GLOBES TO BEAUTY
https://twitter.com/hm/status/1480592159023714307,"king
@Serdar_esmerr
·
Jan 10, 2022","Congratulations to 
@MjRodriguez7
 on your historic Golden Globes win!","Flowa Petalz
@BellaInverno
·
Jan 11, 2022",Amigos
https://twitter.com/hm/status/1480592159023714307,"king
@Serdar_esmerr
·
Jan 10, 2022","Congratulations to 
@MjRodriguez7
 on your historic Golden Globes win!","Flowa Petalz
@BellaInverno
·
Jan 11, 2022",Amigos
https://twitter.com/hm/status/1496104810982039553,"muskan agrawal
@muskana71980917
·
Mar 30, 2022","A Twosday kinda day. 
Happy 22/2/22 everyone!","Oweeki
@ToxicaYt
·
Feb 27, 2022","Everytime the agent placed a return request and said that I have to wait for 48 hours but on the very next day the request got cancelled. If you guys don't want your product back, please give me my refund."
https://twitter.com/hm/status/1496104810982039553,"muskan agrawal
@muskana71980917
·
Mar 30, 2022","A Twosday kinda day. 
Happy 22/2/22 everyone!","Speak up
@selectsociety
·
Mar 28, 2022",When will you restock product 0738713004 and 0975968002 for Canada?
https://twitter.com/hm/status/1496104810982039553,"muskan agrawal
@muskana71980917
·
Mar 30, 2022","A Twosday kinda day. 
Happy 22/2/22 everyone!","ᴊᴏᴀᴋɪᴍ ʜᴏʟᴍʙᴇʀɢ
@shroomis
·
Mar 4, 2022",What is this? “ hot new spring collection “??????????? For whom!??? 
https://twitter.com/hm/status/1496104810982039553,"muskan agrawal
@muskana71980917
·
Mar 30, 2022","A Twosday kinda day. 
Happy 22/2/22 everyone!","Gosia (she/her)
@GosiaNotGosia
·
Mar 8, 2022","Hey 
@hm
, I know you supposedly closed your stores in Russia. That's good and everything, but why so quiet about it? Why not put out a press release of something? It's hard to see you actually taking a stance on this if you're trying to fly under the radar.
#HM #Russia #Ukraine"
https://twitter.com/hm/status/1496104810982039553,"muskan agrawal
@muskana71980917
·
Mar 30, 2022","A Twosday kinda day. 
Happy 22/2/22 everyone!","ᴊᴏᴀᴋɪᴍ ʜᴏʟᴍʙᴇʀɢ
@shroomis
·
Feb 28, 2022",so - why does your russian website says that you'll be back shortly? You know something we don't? Or is it something else?
https://twitter.com/hm/status/1496104810982039553,"muskan agrawal
@muskana71980917
·
Mar 30, 2022","A Twosday kinda day. 
Happy 22/2/22 everyone!","ᴊᴏᴀᴋɪᴍ ʜᴏʟᴍʙᴇʀɢ
@shroomis
·
Feb 28, 2022",so - why does your russian website says that you'll be back shortly? You know something we don't? Or is it something else?
https://twitter.com/hm/status/1488430330969210881,"SHESHRAM
@SUDHIRK81267882
·
Feb 1, 2022",,"Sneha Sadia
@snehasadia13
·
Oct 17, 2022","Hello guys, 
This is not a company advertisement stunt. 

Seriously this company cheated consumers, like me. 
I complaint all way but no resolution till date.  That's why I share my view. 
Very pathetic and bad management. 
Remove H&M application in your cell phone."
https://twitter.com/hm/status/1488430330969210881,"SHESHRAM
@SUDHIRK81267882
·
Feb 1, 2022",,"AndrewRivers
@AndrewRivers121
·
Mar 3, 2022","Article# 1058700019. I need it in a size 2. Please let me know when you guys are going to restock. I live in Madison, WI"
https://twitter.com/hm/status/1488430330969210881,"SHESHRAM
@SUDHIRK81267882
·
Feb 1, 2022",,"AndrewRivers
@AndrewRivers121
·
Mar 3, 2022","Article# 1058700019. I need it in a size 2. Please let me know when you guys are going to restock. I live in Madison, WI"
https://twitter.com/hm/status/1550090907738841088,"H&M
@hm
·
Jul 19, 2022","New collab incoming!
Hint: 

Guess below! ","SamanthaZ
@samanthazbanz
·
Jul 23, 2022",For everyone that guessed #StrangerThings  it’s time to turn your style Upside Down.
https://twitter.com/hm/status/1550090907738841088,"H&M
@hm
·
Jul 19, 2022","New collab incoming!
Hint: 

Guess below! ","Akanksha
@AkankshaShar07
·
Jul 24, 2022",I don’t see it on your website can somebody help me out
https://twitter.com/hm/status/1550090907738841088,"H&M
@hm
·
Jul 19, 2022","New collab incoming!
Hint: 

Guess below! ","El chico de la sonrisa torcida
@PalmaTecuaJesus
·
Jul 21, 2022","@hm
 don't you think the quality of the products that you are supplying in India has been declined. Stuff of the clothes used to be alot better pre-covid, but post covid the prices are higher and quality is not upto the mark. This used to be my favourite brand but not anymore."
https://twitter.com/hm/status/1550090907738841088,"H&M
@hm
·
Jul 19, 2022","New collab incoming!
Hint: 

Guess below! ","Tobi
@tobleroney25
·
Jul 22, 2022","I was really excited about the designer collection, but I'm a bit disappointed with this news. will there be a designer collection this year?"
https://twitter.com/hm/status/1550090907738841088,"H&M
@hm
·
Jul 19, 2022","New collab incoming!
Hint: 

Guess below! ","Atlas|| Had the priviledge of speaking to Murdoc
@cosmos_cosplay
·
Jul 23, 2022","@hm_custserv
 Will these be available in Canada? Just checked the app and didn’t see anything available yet!"
https://twitter.com/hm/status/1550090907738841088,"H&M
@hm
·
Jul 19, 2022","New collab incoming!
Hint: 

Guess below! ","noxu
@noxuwasnthere
·
Jul 22, 2022",Is this not coming to the US? I can’t find it on the website.
https://twitter.com/hm/status/1550090907738841088,"H&M
@hm
·
Jul 19, 2022","New collab incoming!
Hint: 

Guess below! ","𝐒𝐡𝐞𝐢♤
@suiseistellar
·
Jul 21, 2022",I wonder if this will be available in the US
https://twitter.com/hm/status/1550090907738841088,"H&M
@hm
·
Jul 19, 2022","New collab incoming!
Hint: 

Guess below! ","Justine Trevor
@justine_gielis
·
Jul 23, 2022",Will the collab available in all country?
https://twitter.com/hm/status/1550090907738841088,"H&M
@hm
·
Jul 19, 2022","New collab incoming!
Hint: 

Guess below! ","Ayushee Ghoshal
@Ayushee_ghoshal
·
Jul 22, 2022",I don't know why there is no Hellfire Club inspired merch from this season considering how loved the character Eddie Munson turned out to be. But anyway.
https://twitter.com/hm/status/1550090907738841088,"H&M
@hm
·
Jul 19, 2022","New collab incoming!
Hint: 

Guess below! ","ZRS
@TmBlWeE
·
Jul 21, 2022",A wrong item in wrong quantity has been shipped to me. Ideally if an item has gone out of stock we should get a refund. Not have the quantity of our order increased without asking. Have been trying to get assistance on this to no avail.
https://twitter.com/hm/status/1550090907738841088,"H&M
@hm
·
Jul 19, 2022","New collab incoming!
Hint: 

Guess below! ",".
@ursoulisforfeit
·
Jul 22, 2022",Just available in mens??
https://twitter.com/hm/status/1550090907738841088,"H&M
@hm
·
Jul 19, 2022","New collab incoming!
Hint: 

Guess below! ","Eko Setyawan
@Echo_Sety88
·
Jun 10",Canada soon? 
https://twitter.com/hm/status/1550090907738841088,"H&M
@hm
·
Jul 19, 2022","New collab incoming!
Hint: 

Guess below! ","Kathy Nicholson
@Kathynic321
·
Jul 28, 2022","#PIMegaDeal 
@PSSI
 #pondokindah"
https://twitter.com/hm/status/1550090907738841088,"H&M
@hm
·
Jul 19, 2022","New collab incoming!
Hint: 

Guess below! ","Kathy Nicholson
@Kathynic321
·
Jul 28, 2022","#PIMegaDeal 
@PSSI
 #pondokindah"
https://twitter.com/hm/status/1488430330969210881,"SHESHRAM
@SUDHIRK81267882
·
Feb 1, 2022",,"Sneha Sadia
@snehasadia13
·
Oct 17, 2022","Hello guys, 
This is not a company advertisement stunt. 

Seriously this company cheated consumers, like me. 
I complaint all way but no resolution till date.  That's why I share my view. 
Very pathetic and bad management. 
Remove H&M application in your cell phone."
https://twitter.com/hm/status/1488430330969210881,"SHESHRAM
@SUDHIRK81267882
·
Feb 1, 2022",,"AndrewRivers
@AndrewRivers121
·
Mar 3, 2022","Article# 1058700019. I need it in a size 2. Please let me know when you guys are going to restock. I live in Madison, WI"
https://twitter.com/hm/status/1488430330969210881,"SHESHRAM
@SUDHIRK81267882
·
Feb 1, 2022",,"AndrewRivers
@AndrewRivers121
·
Mar 3, 2022","Article# 1058700019. I need it in a size 2. Please let me know when you guys are going to restock. I live in Madison, WI"
https://twitter.com/hm/status/1550090907738841088,"H&M
@hm
·
Jul 19, 2022","New collab incoming!
Hint: 

Guess below! ","SamanthaZ
@samanthazbanz
·
Jul 23, 2022",For everyone that guessed #StrangerThings  it’s time to turn your style Upside Down.
https://twitter.com/hm/status/1550090907738841088,"H&M
@hm
·
Jul 19, 2022","New collab incoming!
Hint: 

Guess below! ","Akanksha
@AkankshaShar07
·
Jul 24, 2022",I don’t see it on your website can somebody help me out
https://twitter.com/hm/status/1550090907738841088,"H&M
@hm
·
Jul 19, 2022","New collab incoming!
Hint: 

Guess below! ","El chico de la sonrisa torcida
@PalmaTecuaJesus
·
Jul 21, 2022","@hm
 don't you think the quality of the products that you are supplying in India has been declined. Stuff of the clothes used to be alot better pre-covid, but post covid the prices are higher and quality is not upto the mark. This used to be my favourite brand but not anymore."
https://twitter.com/hm/status/1550090907738841088,"H&M
@hm
·
Jul 19, 2022","New collab incoming!
Hint: 

Guess below! ","Tobi
@tobleroney25
·
Jul 22, 2022","I was really excited about the designer collection, but I'm a bit disappointed with this news. will there be a designer collection this year?"
https://twitter.com/hm/status/1550090907738841088,"H&M
@hm
·
Jul 19, 2022","New collab incoming!
Hint: 

Guess below! ","Atlas|| Had the priviledge of speaking to Murdoc
@cosmos_cosplay
·
Jul 23, 2022","@hm_custserv
 Will these be available in Canada? Just checked the app and didn’t see anything available yet!"
https://twitter.com/hm/status/1550090907738841088,"H&M
@hm
·
Jul 19, 2022","New collab incoming!
Hint: 

Guess below! ","noxu
@noxuwasnthere
·
Jul 22, 2022",Is this not coming to the US? I can’t find it on the website.
https://twitter.com/hm/status/1550090907738841088,"H&M
@hm
·
Jul 19, 2022","New collab incoming!
Hint: 

Guess below! ","𝐒𝐡𝐞𝐢♤
@suiseistellar
·
Jul 21, 2022",I wonder if this will be available in the US
https://twitter.com/hm/status/1550090907738841088,"H&M
@hm
·
Jul 19, 2022","New collab incoming!
Hint: 

Guess below! ","Justine Trevor
@justine_gielis
·
Jul 23, 2022",Will the collab available in all country?
https://twitter.com/hm/status/1550090907738841088,"H&M
@hm
·
Jul 19, 2022","New collab incoming!
Hint: 

Guess below! ","Ayushee Ghoshal
@Ayushee_ghoshal
·
Jul 22, 2022",I don't know why there is no Hellfire Club inspired merch from this season considering how loved the character Eddie Munson turned out to be. But anyway.
https://twitter.com/hm/status/1550090907738841088,"H&M
@hm
·
Jul 19, 2022","New collab incoming!
Hint: 

Guess below! ","ZRS
@TmBlWeE
·
Jul 21, 2022",A wrong item in wrong quantity has been shipped to me. Ideally if an item has gone out of stock we should get a refund. Not have the quantity of our order increased without asking. Have been trying to get assistance on this to no avail.
https://twitter.com/hm/status/1550090907738841088,"H&M
@hm
·
Jul 19, 2022","New collab incoming!
Hint: 

Guess below! ",".
@ursoulisforfeit
·
Jul 22, 2022",Just available in mens??
https://twitter.com/hm/status/1550090907738841088,"H&M
@hm
·
Jul 19, 2022","New collab incoming!
Hint: 

Guess below! ","Eko Setyawan
@Echo_Sety88
·
Jun 10",Canada soon? 
https://twitter.com/hm/status/1550090907738841088,"H&M
@hm
·
Jul 19, 2022","New collab incoming!
Hint: 

Guess below! ","Kathy Nicholson
@Kathynic321
·
Jul 28, 2022","#PIMegaDeal 
@PSSI
 #pondokindah"
https://twitter.com/hm/status/1550090907738841088,"H&M
@hm
·
Jul 19, 2022","New collab incoming!
Hint: 

Guess below! ","Kathy Nicholson
@Kathynic321
·
Jul 28, 2022","#PIMegaDeal 
@PSSI
 #pondokindah"
https://twitter.com/hm/status/1488205484855279617,"Hold me Closer SuperSezza
@popledge
·
Jan 31, 2022",Ok bye 2020 & 2021. We can see the light now. #rihanna #asaprocky,"Wander✩Lust
@wanderlust_here
·
Feb 15, 2022",Doge!!
https://twitter.com/hm/status/1488205484855279617,"Hold me Closer SuperSezza
@popledge
·
Jan 31, 2022",Ok bye 2020 & 2021. We can see the light now. #rihanna #asaprocky,"donald
@snuske5
·
Feb 24, 2022",Come to me its meow time!
https://twitter.com/hm/status/1488205484855279617,"Hold me Closer SuperSezza
@popledge
·
Jan 31, 2022",Ok bye 2020 & 2021. We can see the light now. #rihanna #asaprocky,"Saintmalone_sm seeing austin 15 days
@postsbudlight_
·
Jan 31, 2022","@hoffhoffax
 crypto curranc doge"
https://twitter.com/hm/status/1488205484855279617,"Hold me Closer SuperSezza
@popledge
·
Jan 31, 2022",Ok bye 2020 & 2021. We can see the light now. #rihanna #asaprocky,"أكواد خصم
@HendMosaad7
·
Aug 18, 2022",Lmfao 
https://twitter.com/hm/status/1521464637371428866,"Zander the Viking King
@SwipeMarket
·
May 4, 2022",#Metgala #HM,"Deb Shepherd
@cozumeldeb
·
May 6, 2022",RT THIS
https://twitter.com/hm/status/1521464637371428866,"Zander the Viking King
@SwipeMarket
·
May 4, 2022",#Metgala #HM,"Elijah reid
@reid_elijah
·
May 5, 2022",
https://twitter.com/hm/status/1521464637371428866,"Zander the Viking King
@SwipeMarket
·
May 4, 2022",#Metgala #HM,"preetika
@preetikamassey
·
May 20, 2022",Who's Pinky Lee?
https://twitter.com/hm/status/1521464637371428866,"Zander the Viking King
@SwipeMarket
·
May 4, 2022",#Metgala #HM,"preetika
@preetikamassey
·
May 20, 2022",Who's Pinky Lee?
https://twitter.com/hm/status/1521464637371428866,"Zander the Viking King
@SwipeMarket
·
May 4, 2022",#Metgala #HM,"preetika
@preetikamassey
·
May 20, 2022",Who's Pinky Lee?
https://twitter.com/hm/status/1553188856287182854,"Jaynay C.
@JaynayChanel
·
Jul 30, 2022",Ok so is everyone currently transcending/trying to figure out how to add the whole  album to the playlist like us or what?#RENAISSANCE,"H&M
@hm
·
Jul 30, 2022",And don't mix or skip a song. Play it as is
https://twitter.com/hm/status/1553188856287182854,"Jaynay C.
@JaynayChanel
·
Jul 30, 2022",Ok so is everyone currently transcending/trying to figure out how to add the whole  album to the playlist like us or what?#RENAISSANCE,"sunshine smile NAFO FELLA
@skrebnits
·
Aug 3, 2022",With these immaculate transitions there is no other way it can be done!
https://twitter.com/hm/status/1553188856287182854,"Jaynay C.
@JaynayChanel
·
Jul 30, 2022",Ok so is everyone currently transcending/trying to figure out how to add the whole  album to the playlist like us or what?#RENAISSANCE,"pooja chawla
@pooajay123
·
Feb 2",Are you reopening in Belarus? Disgusting! Time to boycott!
https://twitter.com/hm/status/1553188856287182854,"Jaynay C.
@JaynayChanel
·
Jul 30, 2022",Ok so is everyone currently transcending/trying to figure out how to add the whole  album to the playlist like us or what?#RENAISSANCE,"Hansolo10
@TatungVijay
·
Jun 29","Services are really pathetic.. since December 2022 I am chasing 
@hm
 for my refund but got no response from your team. I have mailed and shared everything. Request you to please refund my amount"
https://twitter.com/hm/status/1553188856287182854,"Jaynay C.
@JaynayChanel
·
Jul 30, 2022",Ok so is everyone currently transcending/trying to figure out how to add the whole  album to the playlist like us or what?#RENAISSANCE,"Nools #GTTO #StandwithUkraine #NotmovingOn
@Noolslovesbling
·
Sep 15, 2022","Delivered me dirty old jeans instead of shirt that I've ordered and the number of customer support given on the receipt say 'Kya karoge karle' literally means do whatever you wants to do. 
As a regular customer I am very much disappointed."
https://twitter.com/hm/status/1553188856287182854,"Jaynay C.
@JaynayChanel
·
Jul 30, 2022",Ok so is everyone currently transcending/trying to figure out how to add the whole  album to the playlist like us or what?#RENAISSANCE,"Nools #GTTO #StandwithUkraine #NotmovingOn
@Noolslovesbling
·
Sep 15, 2022","Delivered me dirty old jeans instead of shirt that I've ordered and the number of customer support given on the receipt say 'Kya karoge karle' literally means do whatever you wants to do. 
As a regular customer I am very much disappointed."
https://twitter.com/hm/status/1531983905359904770,"H&M
@hm
·
Jun 1, 2022","You don't have to be born into family, you can choose one. For this year's #HMPride, we celebrate chosen families.","H&M
@hm
·
Jun 1, 2022",So what is a chosen family? It's a family with non-biological bonds who have intentionally chosen to love and support one another. They are a source of strength within the LGBTQIA+ community and come from the desire to speak openly about shared experiences. #HMPride
https://twitter.com/hm/status/1531983905359904770,"H&M
@hm
·
Jun 1, 2022","You don't have to be born into family, you can choose one. For this year's #HMPride, we celebrate chosen families.","H&M
@hm
·
Jun 1, 2022","Chosen families are not here to replace your biological family. They exist to expand the definition of family, pulling people together. It's about the rituals you create, the memories you share, and the support you give one another. It's about being there, no matter who you love."
https://twitter.com/hm/status/1531983905359904770,"H&M
@hm
·
Jun 1, 2022","You don't have to be born into family, you can choose one. For this year's #HMPride, we celebrate chosen families.","MIKE
@GnRCivilWar
·
Jun 25",#HMPride #Pride
https://twitter.com/hm/status/1531983905359904770,"H&M
@hm
·
Jun 1, 2022","You don't have to be born into family, you can choose one. For this year's #HMPride, we celebrate chosen families.","Dr.vishwas kumar
@vishwaskumar24
·
Jun 5, 2022",You support peadophiles
https://twitter.com/hm/status/1531983905359904770,"H&M
@hm
·
Jun 1, 2022","You don't have to be born into family, you can choose one. For this year's #HMPride, we celebrate chosen families.","elifs
@i_eliff
·
Jun 21, 2022",When I order placed than the amount is defected but order cancel and item is out  of stock so please refund my amount which are defected...
https://twitter.com/hm/status/1531983905359904770,"H&M
@hm
·
Jun 1, 2022","You don't have to be born into family, you can choose one. For this year's #HMPride, we celebrate chosen families.","Azad Mobile
@AzadMobile2
·
Jul 18, 2022",But we won’t choose hm 
https://twitter.com/hm/status/1531983905359904770,"H&M
@hm
·
Jun 1, 2022","You don't have to be born into family, you can choose one. For this year's #HMPride, we celebrate chosen families.","Inkinsela Yase Mgungundlovu
@SifisoManzin
·
Jun 1, 2022",Helo h&m im not recived my return  product payment plz help me
https://twitter.com/hm/status/1531983905359904770,"H&M
@hm
·
Jun 1, 2022","You don't have to be born into family, you can choose one. For this year's #HMPride, we celebrate chosen families.","Victor Vonringsting
@Vonringsting69
·
Dec 1, 2022",How many retwetss for winter jackets
https://twitter.com/hm/status/1531983905359904770,"H&M
@hm
·
Jun 1, 2022","You don't have to be born into family, you can choose one. For this year's #HMPride, we celebrate chosen families.","Victor Vonringsting
@Vonringsting69
·
Dec 1, 2022",How many retwetss for winter jackets
https://twitter.com/hm/status/1522108967270375424,"Scott H
@11ccom
·
May 7, 2022","Perfect shirt on. Good vibes on. Wear that feeling, like comedian & actor Pete Davidson. #HMMan #Wearthatfeeling","Ambreen Fatma
@AmbreenFatma7
·
May 10, 2022",Steve Buscemi brother
https://twitter.com/hm/status/1522108967270375424,"Scott H
@11ccom
·
May 7, 2022","Perfect shirt on. Good vibes on. Wear that feeling, like comedian & actor Pete Davidson. #HMMan #Wearthatfeeling","Andy Flo
@AndyFlo10684951
·
May 6, 2022","Doing fraud
Item is missing in my order"
https://twitter.com/hm/status/1522108967270375424,"Scott H
@11ccom
·
May 7, 2022","Perfect shirt on. Good vibes on. Wear that feeling, like comedian & actor Pete Davidson. #HMMan #Wearthatfeeling","Conrad S
@NotConradLol
·
Jun 2, 2022",
https://twitter.com/hm/status/1522108967270375424,"Scott H
@11ccom
·
May 7, 2022","Perfect shirt on. Good vibes on. Wear that feeling, like comedian & actor Pete Davidson. #HMMan #Wearthatfeeling","Colormatics
@Colormatics
·
May 5, 2022",this ad is following me get away from me!
https://twitter.com/hm/status/1522108967270375424,"Scott H
@11ccom
·
May 7, 2022","Perfect shirt on. Good vibes on. Wear that feeling, like comedian & actor Pete Davidson. #HMMan #Wearthatfeeling","العراب
@Al3rab150
·
May 5, 2022",Love these 
https://twitter.com/hm/status/1522108967270375424,"Scott H
@11ccom
·
May 7, 2022","Perfect shirt on. Good vibes on. Wear that feeling, like comedian & actor Pete Davidson. #HMMan #Wearthatfeeling","Steph
@Sunny6977
·
May 7, 2022",من اسوء خدمه عملاء بالعالم تم ارجاع ثياب عندهم وجلست انتظر اكثر من عشرون يوما حتى اشتكيت للتجارة رجعوها لا وبعدها يتصلو فيك ولا يعتذر ولا شئ ويقلك روح اشتكي وين ما تبغى فلا عدم احترام العميل يجعل منكم شركه مستبعده تماما من حسابات الناس انتبهو يا اخوان والله
https://twitter.com/hm/status/1522108967270375424,"Scott H
@11ccom
·
May 7, 2022","Perfect shirt on. Good vibes on. Wear that feeling, like comedian & actor Pete Davidson. #HMMan #Wearthatfeeling","Nools #GTTO #StandwithUkraine #NotmovingOn
@Noolslovesbling
·
May 31, 2022",I like how you can afford celebs in ads but you can’t give people their vacay they are owed when they leave the company 
https://twitter.com/hm/status/1522108967270375424,"Scott H
@11ccom
·
May 7, 2022","Perfect shirt on. Good vibes on. Wear that feeling, like comedian & actor Pete Davidson. #HMMan #Wearthatfeeling","Nools #GTTO #StandwithUkraine #NotmovingOn
@Noolslovesbling
·
May 31, 2022",I like how you can afford celebs in ads but you can’t give people their vacay they are owed when they leave the company 
https://twitter.com/hm/status/1555206959204376577,"neighborhood guru
@reagansm0ther
·
Nov 2, 2022","She needs no introduction. It's 
@Janefonda
, the newest member of the H&M Move team. From home workouts to marches, it has been her lifelong mission to move every body.

#HMmove #JaneFonda","yash
@yash87592999
·
Jul 4",Inclusion. Inclusion. Inclusion.
https://twitter.com/hm/status/1555206959204376577,"neighborhood guru
@reagansm0ther
·
Nov 2, 2022","She needs no introduction. It's 
@Janefonda
, the newest member of the H&M Move team. From home workouts to marches, it has been her lifelong mission to move every body.

#HMmove #JaneFonda","Robert
@LexingtonBobby
·
Sep 19, 2022","Hi team, I have been to return one of my orders for past 5 days but unable to return as the 
@hm
 app is throwing some error. I even tried to call 
@hm
 customer care but no response and now the return window is closed. Please help me. Screenshot of error attached"
https://twitter.com/hm/status/1555206959204376577,"neighborhood guru
@reagansm0ther
·
Nov 2, 2022","She needs no introduction. It's 
@Janefonda
, the newest member of the H&M Move team. From home workouts to marches, it has been her lifelong mission to move every body.

#HMmove #JaneFonda","Han:) | UGC Creator | Fashion + Travel + Lifestyle
@hannahsterUGC
·
Aug 10, 2022","YOU'RE BACK TO RUSSIA! BOYCOTTING, YOU MADE A BAD CALL HERE!"
https://twitter.com/hm/status/1555206959204376577,"neighborhood guru
@reagansm0ther
·
Nov 2, 2022","She needs no introduction. It's 
@Janefonda
, the newest member of the H&M Move team. From home workouts to marches, it has been her lifelong mission to move every body.

#HMmove #JaneFonda","Iftikhar Ahmed Memon
@Iftikha44258140
·
Oct 9, 2022",NEED this set! I’ve been wearing y’all since 15  ever since I could shop on my own!
https://twitter.com/hm/status/1555206959204376577,"neighborhood guru
@reagansm0ther
·
Nov 2, 2022","She needs no introduction. It's 
@Janefonda
, the newest member of the H&M Move team. From home workouts to marches, it has been her lifelong mission to move every body.

#HMmove #JaneFonda","Emma
@bro16529590
·
May 25",Good
https://twitter.com/hm/status/1555206959204376577,"neighborhood guru
@reagansm0ther
·
Nov 2, 2022","She needs no introduction. It's 
@Janefonda
, the newest member of the H&M Move team. From home workouts to marches, it has been her lifelong mission to move every body.

#HMmove #JaneFonda","eko pszczółki
@EkoPszczolki
·
Nov 16, 2022","The website is constantly out of stock I can never get what I want, I have pretty much given up trying"
https://twitter.com/hm/status/1555206959204376577,"neighborhood guru
@reagansm0ther
·
Nov 2, 2022","She needs no introduction. It's 
@Janefonda
, the newest member of the H&M Move team. From home workouts to marches, it has been her lifelong mission to move every body.

#HMmove #JaneFonda","papi lao
@lao_papi
·
Oct 23, 2022","Do you plan to start more durable clothes, which will last for a longer time? #hm #dotablicy 
@hm
 #zakupy"
https://twitter.com/hm/status/1555206959204376577,"neighborhood guru
@reagansm0ther
·
Nov 2, 2022","She needs no introduction. It's 
@Janefonda
, the newest member of the H&M Move team. From home workouts to marches, it has been her lifelong mission to move every body.

#HMmove #JaneFonda","arvind
@arvind20_9e
·
Jan 8",Good
https://twitter.com/hm/status/1555206959204376577,"neighborhood guru
@reagansm0ther
·
Nov 2, 2022","She needs no introduction. It's 
@Janefonda
, the newest member of the H&M Move team. From home workouts to marches, it has been her lifelong mission to move every body.

#HMmove #JaneFonda","arvind
@arvind20_9e
·
Jan 8",Good
https://twitter.com/hm/status/1526498744899883008,"CryptoLucie加密露西
@CryptoLucie
·
May 21, 2022","Today is #IDAHOBIT and we’re celebrating families in all their beautiful diversity together with 
@free_equal
 ","Carolina Marcial
@herrerama2445
·
May 30, 2022",Tomorrow is #IDAHOBIT and we’re celebrating families in all their beautiful diversity. Celebrate with us!  #LoveMakesAFamily #LGBTIQ+
https://twitter.com/hm/status/1531985041915629569,"H&M
@hm
·
Jun 1, 2022","You don't have to be born into family, you can choose one. For this year's #HMPride, we celebrate chosen families.","H&M
@hm
·
Jun 1, 2022",So what is a chosen family? It's a family with non-biological bonds who have intentionally chosen to love and support one another. They are a source of strength within the LGBTQIA+ community and come from the desire to speak openly about shared experiences. #HMPride
https://twitter.com/hm/status/1531985041915629569,"H&M
@hm
·
Jun 1, 2022","You don't have to be born into family, you can choose one. For this year's #HMPride, we celebrate chosen families.","H&M
@hm
·
Jun 1, 2022","Chosen families are not here to replace your biological family. They exist to expand the definition of family, pulling people together. It's about the rituals you create, the memories you share, and the support you give one another. It's about being there, no matter who you love."
https://twitter.com/hm/status/1531985041915629569,"H&M
@hm
·
Jun 1, 2022","You don't have to be born into family, you can choose one. For this year's #HMPride, we celebrate chosen families.","Güneşli Pazartesiler|||CyberpunkCity
@blokdokuz
·
Jun 20, 2022",#HMPride #Pride
https://twitter.com/hm/status/1531985041915629569,"H&M
@hm
·
Jun 1, 2022","You don't have to be born into family, you can choose one. For this year's #HMPride, we celebrate chosen families.","Yoshino.
@suicawari_club2
·
Jun 1, 2022","Rahat bırakın insanları diyorum ama zaten engelleyemezsiniz! 

""Javier C: Bence gelmekte olan nesil tüm kuralları yıkıyor. Genç nesil daha özgür, daha fazla bilgi sahibi, cesur ve harika adımlar atıyorlar."" "
https://twitter.com/hm/status/1531985041915629569,"H&M
@hm
·
Jun 1, 2022","You don't have to be born into family, you can choose one. For this year's #HMPride, we celebrate chosen families.","HnfErtn
@ErtnHnf
·
Jun 18, 2022",nice
https://twitter.com/hm/status/1531985041915629569,"H&M
@hm
·
Jun 1, 2022","You don't have to be born into family, you can choose one. For this year's #HMPride, we celebrate chosen families.","HnfErtn
@ErtnHnf
·
Jun 18, 2022",nice
https://twitter.com/hm/status/1480592159023714307,"king
@Serdar_esmerr
·
Jan 10, 2022","Congratulations to 
@MjRodriguez7
 on your historic Golden Globes win!","Lizorell
@LizaSajere
·
Jun 9, 2022",#ceek
https://twitter.com/hm/status/1480592159023714307,"king
@Serdar_esmerr
·
Jan 10, 2022","Congratulations to 
@MjRodriguez7
 on your historic Golden Globes win!","Archana
@Archana36805082
·
Jan 24, 2022",Congrats
https://twitter.com/hm/status/1480592159023714307,"king
@Serdar_esmerr
·
Jan 10, 2022","Congratulations to 
@MjRodriguez7
 on your historic Golden Globes win!","Anshima Yadav
@AnshimaYadav1
·
Jan 26, 2022",I’m having major issues with most of the orders I placed on H&M India. We are being harassed and Cheated in broad daylight!!
https://twitter.com/hm/status/1480592159023714307,"king
@Serdar_esmerr
·
Jan 10, 2022","Congratulations to 
@MjRodriguez7
 on your historic Golden Globes win!","Maen Orabi
@MaenEliasOrabi
·
Jan 21, 2022","One of the biggest fraud website I have ever seen. These guys are not initiating my refund from last 50 days or more than that.
So it's a suggestions that don't make any purchase from them .
Every time when I contact them they are giving me time n time nothing else."
https://twitter.com/hm/status/1480592159023714307,"king
@Serdar_esmerr
·
Jan 10, 2022","Congratulations to 
@MjRodriguez7
 on your historic Golden Globes win!","ROZSIE
@ROZSIE1
·
May 9, 2022",Congratulations 
https://twitter.com/hm/status/1480592159023714307,"king
@Serdar_esmerr
·
Jan 10, 2022","Congratulations to 
@MjRodriguez7
 on your historic Golden Globes win!","ABEL FAUSTINE SILAYO
@abelisilayo
·
Jul 16, 2022",LOOKS STAY ICON GLOBES TO BEAUTY
https://twitter.com/hm/status/1480592159023714307,"king
@Serdar_esmerr
·
Jan 10, 2022","Congratulations to 
@MjRodriguez7
 on your historic Golden Globes win!","Flowa Petalz
@BellaInverno
·
Jan 11, 2022",Amigos
https://twitter.com/hm/status/1480592159023714307,"king
@Serdar_esmerr
·
Jan 10, 2022","Congratulations to 
@MjRodriguez7
 on your historic Golden Globes win!","Charles Zacharie
@zac5dancer
·
Jan 12, 2022",My heart is smiling
https://twitter.com/hm/status/1480592159023714307,"king
@Serdar_esmerr
·
Jan 10, 2022","Congratulations to 
@MjRodriguez7
 on your historic Golden Globes win!","H&M
@hm
·
Jan 11, 2022",HeRo
https://twitter.com/hm/status/1480592159023714307,"king
@Serdar_esmerr
·
Jan 10, 2022","Congratulations to 
@MjRodriguez7
 on your historic Golden Globes win!","H&M
@hm
·
Jan 11, 2022",HeRo
https://twitter.com/hm/status/1555206959204376577,"neighborhood guru
@reagansm0ther
·
Nov 2, 2022","She needs no introduction. It's 
@Janefonda
, the newest member of the H&M Move team. From home workouts to marches, it has been her lifelong mission to move every body.

#HMmove #JaneFonda","yash
@yash87592999
·
Jul 4",Inclusion. Inclusion. Inclusion.
https://twitter.com/hm/status/1555206959204376577,"neighborhood guru
@reagansm0ther
·
Nov 2, 2022","She needs no introduction. It's 
@Janefonda
, the newest member of the H&M Move team. From home workouts to marches, it has been her lifelong mission to move every body.

#HMmove #JaneFonda","Robert
@LexingtonBobby
·
Sep 19, 2022","Hi team, I have been to return one of my orders for past 5 days but unable to return as the 
@hm
 app is throwing some error. I even tried to call 
@hm
 customer care but no response and now the return window is closed. Please help me. Screenshot of error attached"
https://twitter.com/hm/status/1555206959204376577,"neighborhood guru
@reagansm0ther
·
Nov 2, 2022","She needs no introduction. It's 
@Janefonda
, the newest member of the H&M Move team. From home workouts to marches, it has been her lifelong mission to move every body.

#HMmove #JaneFonda","Han:) | UGC Creator | Fashion + Travel + Lifestyle
@hannahsterUGC
·
Aug 10, 2022","YOU'RE BACK TO RUSSIA! BOYCOTTING, YOU MADE A BAD CALL HERE!"
https://twitter.com/hm/status/1555206959204376577,"neighborhood guru
@reagansm0ther
·
Nov 2, 2022","She needs no introduction. It's 
@Janefonda
, the newest member of the H&M Move team. From home workouts to marches, it has been her lifelong mission to move every body.

#HMmove #JaneFonda","Iftikhar Ahmed Memon
@Iftikha44258140
·
Oct 9, 2022",NEED this set! I’ve been wearing y’all since 15  ever since I could shop on my own!
https://twitter.com/hm/status/1555206959204376577,"neighborhood guru
@reagansm0ther
·
Nov 2, 2022","She needs no introduction. It's 
@Janefonda
, the newest member of the H&M Move team. From home workouts to marches, it has been her lifelong mission to move every body.

#HMmove #JaneFonda","Emma
@bro16529590
·
May 25",Good
https://twitter.com/hm/status/1555206959204376577,"neighborhood guru
@reagansm0ther
·
Nov 2, 2022","She needs no introduction. It's 
@Janefonda
, the newest member of the H&M Move team. From home workouts to marches, it has been her lifelong mission to move every body.

#HMmove #JaneFonda","Emma
@bro16529590
·
May 25",Good
https://twitter.com/hm/status/1489251096631537675,"D
@Debowskj
·
Mar 12, 2022","Coming soon: 
Devon Ross + #HMStudio = ","Deenzeapparels
@Deenzeapparels
·
Feb 13, 2022","H&M, are you still operating in Russia?"
https://twitter.com/hm/status/1489251096631537675,"D
@Debowskj
·
Mar 12, 2022","Coming soon: 
Devon Ross + #HMStudio = ","Euresa May M Orcullo
@EuresaMay
·
Feb 8, 2022",I have some queries can we talk in DM?
https://twitter.com/hm/status/1489251096631537675,"D
@Debowskj
·
Mar 12, 2022","Coming soon: 
Devon Ross + #HMStudio = ","vanisha kesswani
@KesswaniVanisha
·
Feb 18, 2022","@hm
 why I cannot proceed in checking out my order thru your app?"
https://twitter.com/hm/status/1489251096631537675,"D
@Debowskj
·
Mar 12, 2022","Coming soon: 
Devon Ross + #HMStudio = ","Lizorell
@LizaSajere
·
Jun 9, 2022","I have been trying to reach you from more than a two months now and the customer care has been very lazy with response. Once the product is purchased and amount is credited to there source, you are least concerned about customer."
https://twitter.com/hm/status/1489251096631537675,"D
@Debowskj
·
Mar 12, 2022","Coming soon: 
Devon Ross + #HMStudio = ","ℓи is a mess
@rey4ever9135
·
Feb 20, 2022",Lovely design
https://twitter.com/hm/status/1489251096631537675,"D
@Debowskj
·
Mar 12, 2022","Coming soon: 
Devon Ross + #HMStudio = ","ᴍᴀʀíᴀ ᴀᴅᴇʟᴀ ᴛɪᴇɴᴅᴀ
@AdelaModa
·
Apr 15, 2022",I’ve been trying to reach out to your customer service team and your team just doesn’t reply me. I have already replied to your previous dm almost a week ago and still haven’t received a reply
https://twitter.com/hm/status/1489251096631537675,"D
@Debowskj
·
Mar 12, 2022","Coming soon: 
Devon Ross + #HMStudio = ","Alphaflow
@curiousbirdsfly
·
Mar 2, 2022",
https://twitter.com/hm/status/1489251096631537675,"D
@Debowskj
·
Mar 12, 2022","Coming soon: 
Devon Ross + #HMStudio = ","ABEL FAUSTINE SILAYO
@abelisilayo
·
Jul 16, 2022",H&M supports Russian aggression in Ukraine
https://twitter.com/hm/status/1489251096631537675,"D
@Debowskj
·
Mar 12, 2022","Coming soon: 
Devon Ross + #HMStudio = ","shiv
@ItsShiv_
·
Feb 6, 2022",Best
https://twitter.com/hm/status/1489251096631537675,"D
@Debowskj
·
Mar 12, 2022","Coming soon: 
Devon Ross + #HMStudio = ","STOP LYING
@AnastasiaStarga
·
Feb 10, 2022",Can we please think about instuting a mandatory policy like this!!
https://twitter.com/hm/status/1489251096631537675,"D
@Debowskj
·
Mar 12, 2022","Coming soon: 
Devon Ross + #HMStudio = ","K
@TheNicoleKH
·
Feb 6, 2022","If u ever shop at places like H&M or any other fast fashion place, please make sure to spend at least 30 minutes shopping  together we can slow down this fast fashion issue!!!  https://pic.twitter.com/PCpDUM8qXA"
https://twitter.com/hm/status/1489251096631537675,"D
@Debowskj
·
Mar 12, 2022","Coming soon: 
Devon Ross + #HMStudio = ","Alyona
@oyparrot
·
Mar 2, 2022","But what happened here 
@hm
  

Apparently this is an actual window of yours…."
https://twitter.com/hm/status/1489251096631537675,"D
@Debowskj
·
Mar 12, 2022","Coming soon: 
Devon Ross + #HMStudio = ","KuuXhenaMedi
@Nowturniza
·
Feb 4, 2022","Looking forward to it but what happened to the clothing selection? Even before the pandemic I noticed a slow decline in the variety of selections being offered. When I go in there it looks worse than Old Navy. Black, white, beige. Not many patterns, colors or unique options "
https://twitter.com/hm/status/1489251096631537675,"D
@Debowskj
·
Mar 12, 2022","Coming soon: 
Devon Ross + #HMStudio = ","KuuXhenaMedi
@Nowturniza
·
Feb 4, 2022","Looking forward to it but what happened to the clothing selection? Even before the pandemic I noticed a slow decline in the variety of selections being offered. When I go in there it looks worse than Old Navy. Black, white, beige. Not many patterns, colors or unique options "
https://twitter.com/hm/status/1489251096631537675,"D
@Debowskj
·
Mar 12, 2022","Coming soon: 
Devon Ross + #HMStudio = ","KuuXhenaMedi
@Nowturniza
·
Feb 4, 2022","Looking forward to it but what happened to the clothing selection? Even before the pandemic I noticed a slow decline in the variety of selections being offered. When I go in there it looks worse than Old Navy. Black, white, beige. Not many patterns, colors or unique options "
https://twitter.com/hm/status/1526498744899883008,"CryptoLucie加密露西
@CryptoLucie
·
May 21, 2022","Today is #IDAHOBIT and we’re celebrating families in all their beautiful diversity together with 
@free_equal
 ","Carolina Marcial
@herrerama2445
·
May 30, 2022",Tomorrow is #IDAHOBIT and we’re celebrating families in all their beautiful diversity. Celebrate with us!  #LoveMakesAFamily #LGBTIQ+
https://twitter.com/hm/status/1526498744899883008,"CryptoLucie加密露西
@CryptoLucie
·
May 21, 2022","Today is #IDAHOBIT and we’re celebrating families in all their beautiful diversity together with 
@free_equal
 ","يمامة
@wise1444
·
Jun 21, 2022",If u wanna cooperate with #moonbirds IP lmk 
https://twitter.com/hm/status/1526498744899883008,"CryptoLucie加密露西
@CryptoLucie
·
May 21, 2022","Today is #IDAHOBIT and we’re celebrating families in all their beautiful diversity together with 
@free_equal
 ","UN Free & Equal
@free_equal
·
May 17, 2022",Holà H&M  tengo muchas dudas sobre un pedido que realice el martes pasado en la app marque al número de atención a clientes y me terminaron colgando
https://twitter.com/hm/status/1526498744899883008,"CryptoLucie加密露西
@CryptoLucie
·
May 21, 2022","Today is #IDAHOBIT and we’re celebrating families in all their beautiful diversity together with 
@free_equal
 ","gaelle valade
@gaelle_valade
·
May 28, 2022",No more clothes from u 
https://twitter.com/hm/status/1526498744899883008,"CryptoLucie加密露西
@CryptoLucie
·
May 21, 2022","Today is #IDAHOBIT and we’re celebrating families in all their beautiful diversity together with 
@free_equal
 ","Mr Bird IB
@MrBirdIB1
·
Jun 20, 2022",
https://twitter.com/hm/status/1526498744899883008,"CryptoLucie加密露西
@CryptoLucie
·
May 21, 2022","Today is #IDAHOBIT and we’re celebrating families in all their beautiful diversity together with 
@free_equal
 ","Ambreen Fatma
@AmbreenFatma7
·
May 26, 2022",Honte a H&M qui ne paie pas le salaire de ses employés … depuis mars ma Fille attend son salaire
https://twitter.com/hm/status/1526498744899883008,"CryptoLucie加密露西
@CryptoLucie
·
May 21, 2022","Today is #IDAHOBIT and we’re celebrating families in all their beautiful diversity together with 
@free_equal
 ","ella scarlet
@ellascarlet8
·
Apr 30",???
https://twitter.com/hm/status/1526498744899883008,"CryptoLucie加密露西
@CryptoLucie
·
May 21, 2022","Today is #IDAHOBIT and we’re celebrating families in all their beautiful diversity together with 
@free_equal
 ","Eko Setyawan
@Echo_Sety88
·
Jun 10",Refund my money
https://twitter.com/hm/status/1526498744899883008,"CryptoLucie加密露西
@CryptoLucie
·
May 21, 2022","Today is #IDAHOBIT and we’re celebrating families in all their beautiful diversity together with 
@free_equal
 ","Busthan Cv
@BusthanC
·
May 28, 2022",And yet you've got a Harry Potter collection currently....
https://twitter.com/hm/status/1526498744899883008,"CryptoLucie加密露西
@CryptoLucie
·
May 21, 2022","Today is #IDAHOBIT and we’re celebrating families in all their beautiful diversity together with 
@free_equal
 ","Busthan Cv
@BusthanC
·
May 28, 2022",And yet you've got a Harry Potter collection currently....
https://twitter.com/hm/status/1526498744899883008,"CryptoLucie加密露西
@CryptoLucie
·
May 21, 2022","Today is #IDAHOBIT and we’re celebrating families in all their beautiful diversity together with 
@free_equal
 ","Busthan Cv
@BusthanC
·
May 28, 2022",And yet you've got a Harry Potter collection currently....
https://twitter.com/hm/status/1531985041915629569,"H&M
@hm
·
Jun 1, 2022","You don't have to be born into family, you can choose one. For this year's #HMPride, we celebrate chosen families.","H&M
@hm
·
Jun 1, 2022",So what is a chosen family? It's a family with non-biological bonds who have intentionally chosen to love and support one another. They are a source of strength within the LGBTQIA+ community and come from the desire to speak openly about shared experiences. #HMPride
https://twitter.com/hm/status/1531985041915629569,"H&M
@hm
·
Jun 1, 2022","You don't have to be born into family, you can choose one. For this year's #HMPride, we celebrate chosen families.","H&M
@hm
·
Jun 1, 2022","Chosen families are not here to replace your biological family. They exist to expand the definition of family, pulling people together. It's about the rituals you create, the memories you share, and the support you give one another. It's about being there, no matter who you love."
https://twitter.com/hm/status/1531985041915629569,"H&M
@hm
·
Jun 1, 2022","You don't have to be born into family, you can choose one. For this year's #HMPride, we celebrate chosen families.","Güneşli Pazartesiler|||CyberpunkCity
@blokdokuz
·
Jun 20, 2022",#HMPride #Pride
https://twitter.com/hm/status/1531985041915629569,"H&M
@hm
·
Jun 1, 2022","You don't have to be born into family, you can choose one. For this year's #HMPride, we celebrate chosen families.","Yoshino.
@suicawari_club2
·
Jun 1, 2022","Rahat bırakın insanları diyorum ama zaten engelleyemezsiniz! 

""Javier C: Bence gelmekte olan nesil tüm kuralları yıkıyor. Genç nesil daha özgür, daha fazla bilgi sahibi, cesur ve harika adımlar atıyorlar."" "
https://twitter.com/hm/status/1531985041915629569,"H&M
@hm
·
Jun 1, 2022","You don't have to be born into family, you can choose one. For this year's #HMPride, we celebrate chosen families.","HnfErtn
@ErtnHnf
·
Jun 18, 2022",nice
https://twitter.com/hm/status/1531985041915629569,"H&M
@hm
·
Jun 1, 2022","You don't have to be born into family, you can choose one. For this year's #HMPride, we celebrate chosen families.","HnfErtn
@ErtnHnf
·
Jun 18, 2022",nice
https://twitter.com/hm/status/1488573115953254404,"K
@TheNicoleKH
·
Feb 6, 2022","*gasp* !!

The iconic 
@JLo
 wearing our Circular Design Story collection in 
@nytimes
 ",,
https://twitter.com/hm/status/1488573115953254404,"K
@TheNicoleKH
·
Feb 6, 2022","*gasp* !!

The iconic 
@JLo
 wearing our Circular Design Story collection in 
@nytimes
 ",,
https://twitter.com/hm/status/1526498744899883008,"CryptoLucie加密露西
@CryptoLucie
·
May 21, 2022","Today is #IDAHOBIT and we’re celebrating families in all their beautiful diversity together with 
@free_equal
 ","Carolina Marcial
@herrerama2445
·
May 30, 2022",Tomorrow is #IDAHOBIT and we’re celebrating families in all their beautiful diversity. Celebrate with us!  #LoveMakesAFamily #LGBTIQ+
https://twitter.com/hm/status/1549382141498327044,"H&M
@hm
·
Jul 19, 2022","New collab incoming!
Hint: 

Guess below! ","Quin
@UnicornWaves94
·
Jul 19, 2022","Camping , demonic , breakfast, baby , a back pack that fire ...

Versace?"
https://twitter.com/hm/status/1549382141498327044,"H&M
@hm
·
Jul 19, 2022","New collab incoming!
Hint: 

Guess below! ","creatures love
@VekariyaMegha
·
Aug 29, 2022","Sadly no, nice try though"
https://twitter.com/hm/status/1549382141498327044,"H&M
@hm
·
Jul 19, 2022","New collab incoming!
Hint: 

Guess below! ","creatures love
@VekariyaMegha
·
Aug 29, 2022","Sadly no, nice try though"
https://twitter.com/hm/status/1488573115953254404,"K
@TheNicoleKH
·
Feb 6, 2022","*gasp* !!

The iconic 
@JLo
 wearing our Circular Design Story collection in 
@nytimes
 ",,
https://twitter.com/hm/status/1488573115953254404,"K
@TheNicoleKH
·
Feb 6, 2022","*gasp* !!

The iconic 
@JLo
 wearing our Circular Design Story collection in 
@nytimes
 ",,
https://twitter.com/hm/status/1509440484997058563,"Emily magaña
@Emilymagaa11
·
Apr 1, 2022","Explore a fantasy-filled and playfully over-the-top collection designed by Iris Apfel, the original queen of personal style. The Iris Apfel x H&M collab launches in selected stores and on http://hm.com 31 March 2022.* #HM

*Local variations may occur.","Imgaelol
@Imgaelol3
·
Apr 4, 2022","Hola, he estado intentando comprar ropa para miembros exclusivamente en linea y no puedo cargarlo a mi bolsa, podría ayudarme, gracias"
https://twitter.com/hm/status/1509440484997058563,"Emily magaña
@Emilymagaa11
·
Apr 1, 2022","Explore a fantasy-filled and playfully over-the-top collection designed by Iris Apfel, the original queen of personal style. The Iris Apfel x H&M collab launches in selected stores and on http://hm.com 31 March 2022.* #HM

*Local variations may occur.","joseph traslaviña
@traslavina26
·
May 3, 2022","Hi, Will there be college pants in smaller sizes than L and XL in finland soon? Ive been looking for them for a few months now bc i really like your ones. Id be really happy if they finally came."
https://twitter.com/hm/status/1509440484997058563,"Emily magaña
@Emilymagaa11
·
Apr 1, 2022","Explore a fantasy-filled and playfully over-the-top collection designed by Iris Apfel, the original queen of personal style. The Iris Apfel x H&M collab launches in selected stores and on http://hm.com 31 March 2022.* #HM

*Local variations may occur.","thisplatformisscarybutiluvbtsmore
@rulajamaleddine
·
Apr 18, 2022",Hola para ver un pago duplicado
https://twitter.com/hm/status/1509440484997058563,"Emily magaña
@Emilymagaa11
·
Apr 1, 2022","Explore a fantasy-filled and playfully over-the-top collection designed by Iris Apfel, the original queen of personal style. The Iris Apfel x H&M collab launches in selected stores and on http://hm.com 31 March 2022.* #HM

*Local variations may occur.","$AM
@ImButish
·
Apr 14, 2022",Is there a chance of a restock on any of these items? 
https://twitter.com/hm/status/1509440484997058563,"Emily magaña
@Emilymagaa11
·
Apr 1, 2022","Explore a fantasy-filled and playfully over-the-top collection designed by Iris Apfel, the original queen of personal style. The Iris Apfel x H&M collab launches in selected stores and on http://hm.com 31 March 2022.* #HM

*Local variations may occur.","Nubia E. Rojas G.
@NubiaERojas
·
Apr 2, 2022",Cuando estaran disponibles los Regular fit twill cargo pants en la tienda online de US?
https://twitter.com/hm/status/1509440484997058563,"Emily magaña
@Emilymagaa11
·
Apr 1, 2022","Explore a fantasy-filled and playfully over-the-top collection designed by Iris Apfel, the original queen of personal style. The Iris Apfel x H&M collab launches in selected stores and on http://hm.com 31 March 2022.* #HM

*Local variations may occur.","Outi
@Outintili
·
Apr 3, 2022",Is it going to be available in Colombia?
https://twitter.com/hm/status/1509440484997058563,"Emily magaña
@Emilymagaa11
·
Apr 1, 2022","Explore a fantasy-filled and playfully over-the-top collection designed by Iris Apfel, the original queen of personal style. The Iris Apfel x H&M collab launches in selected stores and on http://hm.com 31 March 2022.* #HM

*Local variations may occur.","muskan agrawal
@muskana71980917
·
Apr 2, 2022","Was this hm × Iris Apfel collection an ad, not actually able to be bought? You didn't announce date or time and you showed the collection only 2 days prior on hm app. I was Friday morning there and it showed coming soon and when I went afternoon everything was soldout. Feels scam"
https://twitter.com/hm/status/1509440484997058563,"Emily magaña
@Emilymagaa11
·
Apr 1, 2022","Explore a fantasy-filled and playfully over-the-top collection designed by Iris Apfel, the original queen of personal style. The Iris Apfel x H&M collab launches in selected stores and on http://hm.com 31 March 2022.* #HM

*Local variations may occur.","Ankit
@Ankit41168354
·
Apr 20, 2022","*worst service*
I had issue with my order and h&m is not providing me my refund even they are not serious about my query. The customer service is ignoring the issue.
#worstservice #ineedmyrefund"
https://twitter.com/hm/status/1509440484997058563,"Emily magaña
@Emilymagaa11
·
Apr 1, 2022","Explore a fantasy-filled and playfully over-the-top collection designed by Iris Apfel, the original queen of personal style. The Iris Apfel x H&M collab launches in selected stores and on http://hm.com 31 March 2022.* #HM

*Local variations may occur.","Ankit
@Ankit41168354
·
Apr 20, 2022","*worst service*
I had issue with my order and h&m is not providing me my refund even they are not serious about my query. The customer service is ignoring the issue.
#worstservice #ineedmyrefund"
https://twitter.com/hm/status/1531983908325269505,"H&M
@hm
·
Jun 1, 2022","You don't have to be born into family, you can choose one. For this year's #HMPride, we celebrate chosen families.","H&M
@hm
·
Jun 1, 2022",So what is a chosen family? It's a family with non-biological bonds who have intentionally chosen to love and support one another. They are a source of strength within the LGBTQIA+ community and come from the desire to speak openly about shared experiences. #HMPride
https://twitter.com/hm/status/1531983908325269505,"H&M
@hm
·
Jun 1, 2022","You don't have to be born into family, you can choose one. For this year's #HMPride, we celebrate chosen families.","H&M
@hm
·
Jun 1, 2022","Chosen families are not here to replace your biological family. They exist to expand the definition of family, pulling people together. It's about the rituals you create, the memories you share, and the support you give one another. It's about being there, no matter who you love."
https://twitter.com/hm/status/1531983908325269505,"H&M
@hm
·
Jun 1, 2022","You don't have to be born into family, you can choose one. For this year's #HMPride, we celebrate chosen families.","H&M
@hm
·
Jun 1, 2022","Chosen families are not here to replace your biological family. They exist to expand the definition of family, pulling people together. It's about the rituals you create, the memories you share, and the support you give one another. It's about being there, no matter who you love."
https://twitter.com/hm/status/1484510568874754048,"أسيل
@2002AZF
·
Feb 10, 2022","We are proud to announce that we’re working with 
@Refugees
 to help 250,000 displaced people in Iraq to stay warm this winter","Lizorell
@LizaSajere
·
Jun 9, 2022","For many refugees and displaced families, this winter threatens to be harsher than ever.

That’s why we are partnering with @hm to deliver winter clothing to help keep vulnerable displaced men, women and children in Iraq warm."
https://twitter.com/hm/status/1484510568874754048,"أسيل
@2002AZF
·
Feb 10, 2022","We are proud to announce that we’re working with 
@Refugees
 to help 250,000 displaced people in Iraq to stay warm this winter","Archana
@Archana36805082
·
Jan 24, 2022","Respect, thank you"
https://twitter.com/hm/status/1484510568874754048,"أسيل
@2002AZF
·
Feb 10, 2022","We are proud to announce that we’re working with 
@Refugees
 to help 250,000 displaced people in Iraq to stay warm this winter","G Khinchi
@Gordhan_Khinchi
·
Jan 26, 2022",Nice gesture
https://twitter.com/hm/status/1484510568874754048,"أسيل
@2002AZF
·
Feb 10, 2022","We are proud to announce that we’re working with 
@Refugees
 to help 250,000 displaced people in Iraq to stay warm this winter","ABEL FAUSTINE SILAYO
@abelisilayo
·
Jul 16, 2022",I’m having major issues with most of the orders I placed on H&M India. We are being harassed and Cheated in broad daylight!!
https://twitter.com/hm/status/1484510568874754048,"أسيل
@2002AZF
·
Feb 10, 2022","We are proud to announce that we’re working with 
@Refugees
 to help 250,000 displaced people in Iraq to stay warm this winter","4Patients613YOW
@4patients613YOW
·
Mar 2, 2022",What if we pay in #Dogecoin as payment??
https://twitter.com/hm/status/1484510568874754048,"أسيل
@2002AZF
·
Feb 10, 2022","We are proud to announce that we’re working with 
@Refugees
 to help 250,000 displaced people in Iraq to stay warm this winter","Stefan Cronert
@Prof_SC
·
Mar 3, 2022",Super
https://twitter.com/hm/status/1484510568874754048,"أسيل
@2002AZF
·
Feb 10, 2022","We are proud to announce that we’re working with 
@Refugees
 to help 250,000 displaced people in Iraq to stay warm this winter","Stefan Cronert
@Prof_SC
·
Mar 3, 2022",Super
https://twitter.com/hm/status/1484510568874754048,"أسيل
@2002AZF
·
Feb 10, 2022","We are proud to announce that we’re working with 
@Refugees
 to help 250,000 displaced people in Iraq to stay warm this winter","Stefan Cronert
@Prof_SC
·
Mar 3, 2022",Super
https://twitter.com/hm/status/1531983908325269505,"H&M
@hm
·
Jun 1, 2022","You don't have to be born into family, you can choose one. For this year's #HMPride, we celebrate chosen families.","H&M
@hm
·
Jun 1, 2022",So what is a chosen family? It's a family with non-biological bonds who have intentionally chosen to love and support one another. They are a source of strength within the LGBTQIA+ community and come from the desire to speak openly about shared experiences. #HMPride
https://twitter.com/hm/status/1531983908325269505,"H&M
@hm
·
Jun 1, 2022","You don't have to be born into family, you can choose one. For this year's #HMPride, we celebrate chosen families.","H&M
@hm
·
Jun 1, 2022","Chosen families are not here to replace your biological family. They exist to expand the definition of family, pulling people together. It's about the rituals you create, the memories you share, and the support you give one another. It's about being there, no matter who you love."
https://twitter.com/hm/status/1531983908325269505,"H&M
@hm
·
Jun 1, 2022","You don't have to be born into family, you can choose one. For this year's #HMPride, we celebrate chosen families.","H&M
@hm
·
Jun 1, 2022","Chosen families are not here to replace your biological family. They exist to expand the definition of family, pulling people together. It's about the rituals you create, the memories you share, and the support you give one another. It's about being there, no matter who you love."
https://twitter.com/hm/status/1484510568874754048,"أسيل
@2002AZF
·
Feb 10, 2022","We are proud to announce that we’re working with 
@Refugees
 to help 250,000 displaced people in Iraq to stay warm this winter","Lizorell
@LizaSajere
·
Jun 9, 2022","For many refugees and displaced families, this winter threatens to be harsher than ever.

That’s why we are partnering with @hm to deliver winter clothing to help keep vulnerable displaced men, women and children in Iraq warm."
https://twitter.com/hm/status/1484510568874754048,"أسيل
@2002AZF
·
Feb 10, 2022","We are proud to announce that we’re working with 
@Refugees
 to help 250,000 displaced people in Iraq to stay warm this winter","Archana
@Archana36805082
·
Jan 24, 2022","Respect, thank you"
https://twitter.com/hm/status/1484510568874754048,"أسيل
@2002AZF
·
Feb 10, 2022","We are proud to announce that we’re working with 
@Refugees
 to help 250,000 displaced people in Iraq to stay warm this winter","G Khinchi
@Gordhan_Khinchi
·
Jan 26, 2022",Nice gesture
https://twitter.com/hm/status/1484510568874754048,"أسيل
@2002AZF
·
Feb 10, 2022","We are proud to announce that we’re working with 
@Refugees
 to help 250,000 displaced people in Iraq to stay warm this winter","ABEL FAUSTINE SILAYO
@abelisilayo
·
Jul 16, 2022",I’m having major issues with most of the orders I placed on H&M India. We are being harassed and Cheated in broad daylight!!
https://twitter.com/hm/status/1484510568874754048,"أسيل
@2002AZF
·
Feb 10, 2022","We are proud to announce that we’re working with 
@Refugees
 to help 250,000 displaced people in Iraq to stay warm this winter","4Patients613YOW
@4patients613YOW
·
Mar 2, 2022",What if we pay in #Dogecoin as payment??
https://twitter.com/hm/status/1484510568874754048,"أسيل
@2002AZF
·
Feb 10, 2022","We are proud to announce that we’re working with 
@Refugees
 to help 250,000 displaced people in Iraq to stay warm this winter","Stefan Cronert
@Prof_SC
·
Mar 3, 2022",Super
https://twitter.com/hm/status/1484510568874754048,"أسيل
@2002AZF
·
Feb 10, 2022","We are proud to announce that we’re working with 
@Refugees
 to help 250,000 displaced people in Iraq to stay warm this winter","Stefan Cronert
@Prof_SC
·
Mar 3, 2022",Super
https://twitter.com/hm/status/1484510568874754048,"أسيل
@2002AZF
·
Feb 10, 2022","We are proud to announce that we’re working with 
@Refugees
 to help 250,000 displaced people in Iraq to stay warm this winter","Stefan Cronert
@Prof_SC
·
Mar 3, 2022",Super
https://twitter.com/hm/status/1555191933299040258,"ROB ALLEN 3rd
@ROBALLEN92705
·
Feb 26","Introducing H&M Move – here to get the whole world and every body moving. This is our workout, led by 
@Janefonda
  and 
@JaQuelKnight
 . And you’re all invited. Ready to move? Let’s go! 

#HMmove #JaneFonda #JaQuelKnight","Supriya Jaiswal
@Justsuu99
·
Apr 28","@OCTeslaClub
 @OCEvents"
https://twitter.com/hm/status/1555191933299040258,"ROB ALLEN 3rd
@ROBALLEN92705
·
Feb 26","Introducing H&M Move – here to get the whole world and every body moving. This is our workout, led by 
@Janefonda
  and 
@JaQuelKnight
 . And you’re all invited. Ready to move? Let’s go! 

#HMmove #JaneFonda #JaQuelKnight","Igor Shaka
@igor_shaka
·
May 2","@hm_custserv
 Are you really serious about customer issue? i m waiting for my refund since last 15 days. i must say you are vanishing brand name.if not capable than stop service. No delivery no refund"
https://twitter.com/hm/status/1555191933299040258,"ROB ALLEN 3rd
@ROBALLEN92705
·
Feb 26","Introducing H&M Move – here to get the whole world and every body moving. This is our workout, led by 
@Janefonda
  and 
@JaQuelKnight
 . And you’re all invited. Ready to move? Let’s go! 

#HMmove #JaneFonda #JaQuelKnight","رونق
@rz007z7
·
Apr 21","Kan u e-transfer to Igor Nzokirishaka      
whatsnew4me@hotmail.com
TD
Kanada
trust

Pleaz and thank u"
https://twitter.com/hm/status/1555191933299040258,"ROB ALLEN 3rd
@ROBALLEN92705
·
Feb 26","Introducing H&M Move – here to get the whole world and every body moving. This is our workout, led by 
@Janefonda
  and 
@JaQuelKnight
 . And you’re all invited. Ready to move? Let’s go! 

#HMmove #JaneFonda #JaQuelKnight","Daniela
@cli_maxi
·
Sep 14, 2022",Please restock this high heels in Saudi arabia’s H&M website
https://twitter.com/hm/status/1555191933299040258,"ROB ALLEN 3rd
@ROBALLEN92705
·
Feb 26","Introducing H&M Move – here to get the whole world and every body moving. This is our workout, led by 
@Janefonda
  and 
@JaQuelKnight
 . And you’re all invited. Ready to move? Let’s go! 

#HMmove #JaneFonda #JaQuelKnight","An animal advocate
@robosaw
·
Dec 5, 2022","Pls use only 
@vegan
 materials; #bethechange for our future on this planet, for a kinder world 
#peace is a daily choice , 
@hm
 make peace your choice "
https://twitter.com/hm/status/1555191933299040258,"ROB ALLEN 3rd
@ROBALLEN92705
·
Feb 26","Introducing H&M Move – here to get the whole world and every body moving. This is our workout, led by 
@Janefonda
  and 
@JaQuelKnight
 . And you’re all invited. Ready to move? Let’s go! 

#HMmove #JaneFonda #JaQuelKnight","Nools #GTTO #StandwithUkraine #NotmovingOn
@Noolslovesbling
·
Sep 15, 2022",Here is H&M
https://twitter.com/hm/status/1555191933299040258,"ROB ALLEN 3rd
@ROBALLEN92705
·
Feb 26","Introducing H&M Move – here to get the whole world and every body moving. This is our workout, led by 
@Janefonda
  and 
@JaQuelKnight
 . And you’re all invited. Ready to move? Let’s go! 

#HMmove #JaneFonda #JaQuelKnight","Nools #GTTO #StandwithUkraine #NotmovingOn
@Noolslovesbling
·
Sep 15, 2022",Here is H&M
https://twitter.com/hm/status/1540152583683280896,"4EVE For aye Official | slow
@4eveforaye
·
Jun 23, 2022","𝐈𝐆 𝐏𝐨𝐬𝐭 𝐮𝐩𝐝𝐚𝐭𝐞 :taaoem 



#hmxme #hmthailand

https://instagram.com/p/CfHMZTsJy1I/?igshid=YmMyMTA2M2Y=…

#4EVE #Taaom4EVE",,
