Unnamed: 0,Program,Genre,Number of viewers,Audience share (%),Start time,Broadcasting date
0,Hiraf,Capsule,163000,22.0,21:15:00,2023-03-21
1,Midadou chouaara,Culturel,868000,13.8,06:17:00,2023-03-20
2,Fada Ryadi,Sport,681000,9.7,07:10:00,2023-03-19
3,Journal Télévisé,Info,615000,44.9,22:30:00,2023-03-18
4,Agenda,Info,868000,36.8,19:39:00,2023-03-17
5,Sahafatou Al ousbouaa,Info,555000,36.3,03:47:00,2023-03-16
6,Touratak Lak,Culturel,292000,12.5,05:51:00,2023-03-16
7,Tarab,Music,0,19.8,15:03:00,2023-03-15
8,Nabdou Al Moujtamaa,Culturel,39306,14.8,06:41:00,2023-03-14
9,Journal Télévisé,Info,27154,22.0,22:30:00,2023-03-13
10,Agenda,Info,24957,19.8,17:32:00,2023-03-13
11,Mina Dakira sahraouya,Culturel,23390,19.8,11:10:00,2023-03-13
12,Mara oa Al Hayat,Culturel,24745,19.8,16:49:00,2023-03-12
13,Journal Télévisé,Info,21031,24.0,22:30:00,2023-03-30
14,Mina Dakira sahraouya,Culturel,35308,20.0,14:44:00,2023-03-07
15,Amnir,documentaires,23718,21.0,12:06:00,2023-03-27
16,Kadaya ramadaniya,Religieux,39548,29.0,05:54:00,2023-03-02
17,Hiraf,Capsule,26580,19.0,09:45:00,2023-03-27
18,Konoz mina sahrae,Culturel,20228,26.0,18:57:00,2023-03-05
19,Sahil aljanoubi,Culturel,17198,38.0,11:39:00,2023-03-22
20,Maa Nass,Politique,38811,27.0,18:24:00,2023-03-12
21,Mina alassima,Politique,34827,38.0,09:24:00,2023-03-18
22,Aljamal bima hamal,Culturel,39171,32.0,00:50:00,2023-03-03
23,samar albidan,Music,24432,37.0,01:45:00,2023-03-28
24,Assrisser Dahbo,feuilleton,25595,24.0,14:30:00,2023-03-17
25,Makam mina tarab hassani,Music,21639,24.0,02:54:00,2023-03-03
26,layali lafrig,Culturel,24405,35.0,13:37:00,2023-03-22
27,bissmilahi lahi namdeh,Culturel,19570,40.0,08:42:00,2023-03-23
28,alfich,Culturel,17193,21.0,15:11:00,2023-03-20
29,sibak kawafi,Culturel,22086,28.0,00:44:00,2023-03-10
30,Quiz Quran,Religieux,20988,32.0,08:33:00,2023-03-01
31,Maa Naha,Culturel,27797,19.0,06:21:00,2023-03-26
32,Hiraf,Capsule,36667,28.0,11:24:00,2023-02-10
33,Midadou chouaara,Culturel,23467,38.0,08:50:00,2023-02-09
34,Fada Ryadi,Sport,33653,20.0,00:59:00,2023-02-25
35,Journal Télévisé,Info,36244,40.0,22:30:00,2023-02-11
36,Agenda,Info,17027,24.0,04:59:00,2023-02-25
37,Sahafatou Al ousbouaa,Info,36675,37.0,16:46:00,2023-02-14
38,Touratak Lak,Culturel,17796,40.0,01:25:00,2023-02-21
39,Tarab,Music,40372,38.0,08:22:00,2023-02-26
40,Nabdou Al Moujtamaa,Culturel,21684,41.0,06:23:00,2023-02-23
41,Journal Télévisé,Info,32726,24.0,22:30:00,2023-02-09
42,Agenda,Info,25135,23.0,20:41:00,2023-02-10
43,Mina Dakira sahraouya,Culturel,25596,33.0,19:21:00,2023-02-05
44,Mara oa Al Hayat,Culturel,33169,34.0,11:51:00,2023-02-09
45,Journal Télévisé,Info,25632,29.0,22:30:00,2023-02-02
46,Mina Dakira sahraouya,Culturel,39668,37.0,04:33:00,2023-02-05
47,Amnir,documentaires,38260,30.0,02:28:00,2023-02-14
48,Kadaya ramadaniya,Religieux,32972,34.0,05:02:00,2023-02-15
49,Hiraf,Capsule,20396,35.0,10:24:00,2023-02-13
50,Konoz mina sahrae,Culturel,32838,34.0,04:24:00,2023-02-17
51,Sahil aljanoubi,Culturel,18088,36.0,09:21:00,2023-02-07
52,Maa Nass,Politique,34971,32.0,11:25:00,2023-02-20
53,Mina alassima,Politique,21895,41.0,16:50:00,2023-02-07
54,Aljamal bima hamal,Culturel,26295,19.0,07:09:00,2023-02-09
55,samar albidan,Music,35108,38.0,09:29:00,2023-02-14
56,Assrisser Dahbo,feuilleton,37989,37.0,14:58:00,2023-02-08
57,Makam mina tarab hassani,Music,25153,34.0,18:06:00,2023-02-26
58,layali lafrig,Culturel,38779,22.0,06:55:00,2023-02-13
59,bissmilahi lahi namdeh,Culturel,24886,38.0,04:50:00,2023-02-02
60,alfich,Culturel,30020,19.0,07:23:00,2023-02-26
61,sibak kawafi,Culturel,35282,25.0,01:33:00,2023-02-28
62,Quiz Quran,Religieux,20048,20.0,00:52:00,2023-02-05
63,Maa Naha,Culturel,21924,23.0,15:28:00,2023-02-24
64,Hiraf,Capsule,23677,23.0,04:57:00,2023-02-25
65,Midadou chouaara,Culturel,23323,22.0,06:32:00,2023-02-27
66,Fada Ryadi,Sport,20726,22.0,09:18:00,2023-02-02
67,Journal Télévisé,Info,37457,30.0,22:30:00,2023-02-23
68,Agenda,Info,20492,21.0,03:40:00,2023-02-24
69,Sahafatou Al ousbouaa,Info,24557,26.0,12:01:00,2023-02-16
70,Touratak Lak,Culturel,33235,36.0,06:16:00,2023-02-05
71,Tarab,Music,34586,19.0,17:34:00,2023-02-02
72,Nabdou Al Moujtamaa,Culturel,19313,40.0,19:29:00,2023-02-02
73,Journal Télévisé,Info,18397,21.0,22:30:00,2023-02-21
74,Agenda,Info,34609,31.0,02:02:00,2023-01-23
75,Mina Dakira sahraouya,Culturel,23206,20.0,16:36:00,2023-01-23
76,Mara oa Al Hayat,Culturel,21612,32.0,18:31:00,2023-01-21
77,Journal Télévisé,Info,27344,38.0,22:30:00,2023-01-12
78,Mina Dakira sahraouya,Culturel,32363,20.0,12:45:00,2023-01-09
79,Amnir,documentaires,19796,26.0,12:38:00,2023-01-29
80,Kadaya ramadaniya,Religieux,39538,26.0,07:51:00,2023-01-25
81,Hiraf,Capsule,40795,33.0,12:11:00,2023-01-02
82,Konoz mina sahrae,Culturel,39670,23.0,00:42:00,2023-01-09
83,Sahil aljanoubi,Culturel,34118,20.0,09:09:00,2023-01-06
84,Maa Nass,Politique,30485,20.0,12:04:00,2023-01-10
85,Mina alassima,Politique,26924,19.0,05:41:00,2023-01-08
86,Aljamal bima hamal,Culturel,18541,26.0,19:57:00,2023-01-18
87,samar albidan,Music,30298,30.0,15:39:00,2023-01-07
88,Assrisser Dahbo,feuilleton,38288,24.0,06:14:00,2023-01-17
89,Makam mina tarab hassani,Music,39054,31.0,17:10:00,2023-01-14
90,layali lafrig,Culturel,33964,25.0,17:09:00,2023-01-01
91,bissmilahi lahi namdeh,Culturel,19943,21.0,10:02:00,2023-01-27
92,alfich,Culturel,25467,27.0,09:26:00,2023-01-27
93,sibak kawafi,Culturel,22230,21.0,12:23:00,2023-01-02
94,Quiz Quran,Religieux,16643,32.0,15:20:00,2023-01-04
95,Maa Naha,Culturel,39718,40.0,12:30:00,2023-01-04
96,Hiraf,Capsule,26156,28.0,00:08:00,2023-01-28
97,Midadou chouaara,Culturel,24193,28.0,08:15:00,2023-01-04
98,Fada Ryadi,Sport,32115,22.0,16:52:00,2023-01-17
99,Journal Télévisé,Info,27241,20.0,22:30:00,2023-01-01
100,Agenda,Info,23858,30.0,10:44:00,2023-01-16
101,Sahafatou Al ousbouaa,Info,28603,32.0,06:06:00,2023-01-21
102,Touratak Lak,Culturel,32549,25.0,12:27:00,2023-01-10
103,Tarab,Music,39805,30.0,02:11:00,2023-01-18
104,Nabdou Al Moujtamaa,Culturel,35394,27.0,16:48:00,2023-01-18
105,Journal Télévisé,Info,37312,21.0,22:30:00,2023-01-18
106,Agenda,Info,39792,35.0,10:53:00,2023-01-21
107,Mina Dakira sahraouya,Culturel,17443,38.0,11:13:00,2023-01-09
108,Mara oa Al Hayat,Culturel,37483,29.0,19:47:00,2023-01-11
109,Journal Télévisé,Info,16790,39.0,22:30:00,2023-01-02
110,Mina Dakira sahraouya,Culturel,36962,28.0,08:47:00,2023-01-04
111,Amnir,documentaires,20054,21.0,00:08:00,2023-01-04
112,Kadaya ramadaniya,Religieux,19817,23.0,19:10:00,2023-01-21
113,Hiraf,Capsule,16740,30.0,17:51:00,2023-01-17
114,Konoz mina sahrae,Culturel,22017,41.0,12:26:00,2023-01-04
115,Sahil aljanoubi,Culturel,21786,19.0,11:52:00,2023-01-22
116,Maa Nass,Politique,21646,19.0,03:06:00,2023-01-03
117,Mina alassima,Politique,26477,22.0,09:52:00,2023-01-30
118,Aljamal bima hamal,Culturel,37700,33.0,01:54:00,2023-01-21
119,samar albidan,Music,32422,30.0,10:40:00,2023-01-24
120,Assrisser Dahbo,feuilleton,39219,33.0,18:10:00,2023-01-10
121,Makam mina tarab hassani,Music,17809,23.0,20:23:00,2023-01-27
122,layali lafrig,Culturel,23548,26.0,03:21:00,2023-01-17
123,bissmilahi lahi namdeh,Culturel,31841,38.0,12:29:00,2023-01-17
124,alfich,Culturel,26448,38.0,04:16:00,2023-01-28
125,sibak kawafi,Culturel,27248,22.0,05:41:00,2023-01-21
126,Quiz Quran,Religieux,34870,21.0,03:11:00,2023-01-28
127,Maa Naha,Culturel,23722,30.0,16:30:00,2023-01-22
128,Hiraf,Capsule,31146,25.0,17:54:00,2023-01-05
129,Midadou chouaara,Culturel,26220,35.0,12:59:00,2023-01-28
130,Fada Ryadi,Sport,37798,26.0,20:11:00,2023-01-13
131,Journal Télévisé,Info,37628,39.0,22:30:00,2023-01-10
132,Agenda,Info,19576,41.0,20:16:00,2023-01-23
133,Sahafatou Al ousbouaa,Info,25000,25.0,14:09:00,2023-01-14
134,Touratak Lak,Culturel,22547,27.0,03:41:00,2023-01-29
135,Tarab,Music,40052,30.0,12:42:00,2023-01-17
136,Nabdou Al Moujtamaa,Culturel,30128,37.0,01:47:00,2023-01-06
137,Journal Télévisé,Info,21197,33.0,22:30:00,2023-01-29
138,Agenda,Info,23400,28.0,20:28:00,2023-01-24
139,Mina Dakira sahraouya,Culturel,37647,21.0,08:34:00,2023-01-14
140,Mara oa Al Hayat,Culturel,33685,32.0,17:48:00,2023-01-09
141,Journal Télévisé,Info,35926,25.0,22:30:00,2023-01-02
142,Mina Dakira sahraouya,Culturel,22148,38.0,12:12:00,2023-01-20
143,Amnir,documentaires,19687,34.0,01:23:00,2023-01-01
144,Kadaya ramadaniya,Religieux,36681,37.0,10:18:00,2023-01-17
145,Hiraf,Capsule,25371,30.0,16:23:00,2023-01-03
146,Konoz mina sahrae,Culturel,17215,28.0,11:01:00,2023-01-15
147,Sahil aljanoubi,Culturel,38853,32.0,19:24:00,2023-01-14
148,Maa Nass,Politique,29632,34.0,15:18:00,2023-01-11
149,Mina alassima,Politique,16537,37.0,15:40:00,2023-01-22
150,Aljamal bima hamal,Culturel,17409,27.0,12:52:00,2023-01-28
151,samar albidan,Music,38596,34.0,07:43:00,2023-01-14
152,Assrisser Dahbo,feuilleton,35617,24.0,15:21:00,2023-01-01
153,Makam mina tarab hassani,Music,20286,34.0,19:55:00,2023-01-05
154,layali lafrig,Culturel,29396,33.0,06:29:00,2023-01-27
155,bissmilahi lahi namdeh,Culturel,38634,34.0,20:52:00,2023-01-25
156,alfich,Culturel,40796,32.0,14:28:00,2023-01-21
157,sibak kawafi,Culturel,28516,33.0,07:56:00,2023-01-11
158,Quiz Quran,Religieux,23149,35.0,04:32:00,2022-12-05
159,Maa Naha,Culturel,27757,40.0,17:57:00,2022-11-24
160,Hiraf,Capsule,24177,35.0,18:11:00,2022-11-22
161,Midadou chouaara,Culturel,31439,38.0,15:54:00,2022-11-07
162,Fada Ryadi,Sport,40691,26.0,03:32:00,2022-11-03
163,Journal Télévisé,Info,40337,28.0,22:30:00,2022-12-10
164,Agenda,Info,31928,39.0,04:38:00,2022-12-20
165,Sahafatou Al ousbouaa,Info,20088,41.0,11:44:00,2022-10-10
166,Touratak Lak,Culturel,36370,23.0,05:07:00,2022-11-17
167,Tarab,Music,26326,24.0,10:59:00,2022-11-16
168,Nabdou Al Moujtamaa,Culturel,35186,31.0,22:30:00,2022-11-23
169,Journal Télévisé,Info,37833,29.0,01:11:00,2022-12-09
170,Agenda,Info,29840,28.0,05:35:00,2022-10-10
171,Mina Dakira sahraouya,Culturel,35609,26.0,19:54:00,2022-10-31
172,Mara oa Al Hayat,Culturel,20283,23.0,12:33:00,2022-11-02
173,Journal Télévisé,Info,38645,26.0,22:30:00,2022-10-31
174,Mina Dakira sahraouya,Culturel,37429,33.0,08:48:00,2022-10-15
175,Amnir,documentaires,40948,41.0,08:52:00,2022-12-26
176,Kadaya ramadaniya,Religieux,21096,22.0,11:53:00,2022-10-14
177,Hiraf,Capsule,17761,30.0,05:24:00,2022-11-04
178,Konoz mina sahrae,Culturel,16508,39.0,08:24:00,2022-11-05
179,Sahil aljanoubi,Culturel,33525,31.0,09:59:00,2022-10-05
180,Maa Nass,Politique,36159,33.0,03:12:00,2022-12-11
181,Mina alassima,Politique,27922,29.0,14:18:00,2022-10-01
182,Aljamal bima hamal,Culturel,30862,23.0,04:34:00,2022-12-03
183,samar albidan,Music,38317,20.0,17:50:00,2022-10-14
184,Assrisser Dahbo,feuilleton,18218,22.0,16:11:00,2022-11-18
185,Makam mina tarab hassani,Music,36264,20.0,15:55:00,2022-12-31
186,layali lafrig,Culturel,40503,30.0,08:17:00,2022-10-31
187,bissmilahi lahi namdeh,Culturel,18931,37.0,04:07:00,2022-11-20
188,alfich,Culturel,34723,35.0,17:53:00,2022-11-17
189,sibak kawafi,Culturel,38776,32.0,06:35:00,2022-10-20
190,Quiz Quran,Religieux,17834,26.0,16:33:00,2022-11-17
191,Maa Naha,Culturel,25901,20.0,05:17:00,2022-11-30
192,Hiraf,Capsule,27987,38.0,13:03:00,2022-10-16
193,Midadou chouaara,Culturel,39963,30.0,13:26:00,2022-10-19
194,Fada Ryadi,Sport,38534,20.0,04:19:00,2022-12-04
195,Journal Télévisé,Info,39523,38.0,22:30:00,2022-11-21
196,Agenda,Info,29697,29.0,04:05:00,2022-11-06
197,Sahafatou Al ousbouaa,Info,39235,26.0,01:05:00,2022-12-17
198,Touratak Lak,Culturel,25092,31.0,07:33:00,2022-12-11
199,Tarab,Music,38966,21.0,06:11:00,2022-12-22
200,Nabdou Al Moujtamaa,Culturel,34985,30.0,02:39:00,2022-10-31
201,Journal Télévisé,Info,40284,36.0,22:30:00,2022-12-26
202,Agenda,Info,28500,31.0,12:53:00,2022-10-30
203,Mina Dakira sahraouya,Culturel,40704,27.0,16:54:00,2022-10-09
204,Mara oa Al Hayat,Culturel,30799,31.0,01:12:00,2022-10-24
205,Journal Télévisé,Info,18166,31.0,22:30:00,2022-11-04
206,Mina Dakira sahraouya,Culturel,29339,29.0,10:27:00,2022-10-05
207,Amnir,documentaires,30770,23.0,15:25:00,2022-11-01
208,Kadaya ramadaniya,Religieux,27580,41.0,08:47:00,2022-12-07
209,Hiraf,Capsule,26939,37.0,19:56:00,2022-12-15
210,Konoz mina sahrae,Culturel,28141,33.0,15:56:00,2022-11-14
211,Sahil aljanoubi,Culturel,36493,23.0,01:17:00,2022-10-05
212,Maa Nass,Politique,21296,19.0,01:36:00,2022-10-21
213,Mina alassima,Politique,35298,40.0,10:24:00,2022-12-19
214,Aljamal bima hamal,Culturel,36114,21.0,10:41:00,2022-11-29
215,samar albidan,Music,19008,38.0,03:29:00,2022-11-16
216,Assrisser Dahbo,feuilleton,20064,24.0,19:41:00,2022-12-31
217,Makam mina tarab hassani,Music,25599,39.0,00:24:00,2022-10-24
218,layali lafrig,Culturel,20166,28.0,16:32:00,2022-11-13
219,bissmilahi lahi namdeh,Culturel,30267,37.0,07:18:00,2022-12-26
220,alfich,Culturel,28857,29.0,14:08:00,2022-11-27
221,sibak kawafi,Culturel,32215,41.0,15:22:00,2022-12-25
222,Quiz Quran,Religieux,38206,19.0,10:22:00,2022-11-17
223,Maa Naha,Culturel,36895,22.0,18:19:00,2022-11-24
224,Hiraf,Capsule,37954,19.0,19:47:00,2022-12-23
225,Midadou chouaara,Culturel,25393,28.0,12:49:00,2022-11-18
226,Fada Ryadi,Sport,20436,24.0,06:36:00,2022-11-07
227,Journal Télévisé,Info,40641,25.0,22:30:00,2022-10-11
228,Agenda,Info,33611,41.0,15:00:00,2022-11-07
229,Sahafatou Al ousbouaa,Info,27987,19.0,08:52:00,2022-11-01
230,Touratak Lak,Culturel,37989,36.0,12:27:00,2022-12-25
231,Tarab,Music,20932,22.0,11:27:00,2022-11-10
232,Nabdou Al Moujtamaa,Culturel,38408,28.0,20:21:00,2022-11-04
233,Journal Télévisé,Info,20727,35.0,22:30:00,2022-10-16
234,Agenda,Info,16549,19.0,11:34:00,2022-11-10
235,Mina Dakira sahraouya,Culturel,24178,22.0,20:15:00,2022-12-19
236,Mara oa Al Hayat,Culturel,40372,21.0,17:09:00,2022-10-06
237,Journal Télévisé,Info,38571,33.0,22:30:00,2022-12-09
238,Mina Dakira sahraouya,Culturel,33012,32.0,07:46:00,2022-10-27
239,Amnir,documentaires,21754,33.0,08:44:00,2022-11-01
240,Kadaya ramadaniya,Religieux,23456,38.0,07:00:00,2022-12-26
241,Hiraf,Capsule,30984,22.0,08:54:00,2022-10-06
242,Konoz mina sahrae,Culturel,18277,28.0,18:29:00,2022-10-22
243,Sahil aljanoubi,Culturel,26606,20.0,17:02:00,2022-12-18
244,Maa Nass,Politique,35253,21.0,09:24:00,2022-10-10
245,Mina alassima,Politique,21285,19.0,01:23:00,2022-12-12
246,Aljamal bima hamal,Culturel,39680,20.0,05:46:00,2022-12-16
247,samar albidan,Music,35249,19.0,11:16:00,2022-11-02
248,Assrisser Dahbo,feuilleton,39242,20.0,03:03:00,2022-12-26
249,Makam mina tarab hassani,Music,32880,33.0,20:26:00,2022-10-24
250,layali lafrig,Culturel,37312,35.0,07:05:00,2022-10-01
251,bissmilahi lahi namdeh,Culturel,20973,38.0,08:08:00,2022-10-17
252,alfich,Culturel,18879,32.0,10:24:00,2022-11-28
253,sibak kawafi,Culturel,35631,32.0,08:13:00,2022-10-11
254,Quiz Quran,Religieux,17540,24.0,09:45:00,2022-12-30
255,Maa Naha,Culturel,27598,31.0,19:32:00,2022-11-05
256,Hiraf,Capsule,31998,38.0,01:33:00,2022-12-28
257,Midadou chouaara,Culturel,31137,27.0,15:45:00,2022-10-26
258,Fada Ryadi,Sport,19809,27.0,02:45:00,2022-10-20
259,Journal Télévisé,Info,24751,35.0,22:30:00,2022-12-05
260,Agenda,Info,32202,38.0,16:22:00,2022-12-14
261,Sahafatou Al ousbouaa,Info,34130,22.0,13:40:00,2022-11-26
262,Touratak Lak,Culturel,35892,26.0,03:26:00,2022-11-01
263,Tarab,Music,18646,27.0,08:20:00,2022-12-29
264,Nabdou Al Moujtamaa,Culturel,22886,23.0,18:38:00,2022-10-28
265,Journal Télévisé,Info,18057,31.0,22:30:00,2022-10-19
266,Agenda,Info,31044,38.0,19:18:00,2022-12-05
267,Mina Dakira sahraouya,Culturel,24391,33.0,00:16:00,2022-12-01
268,Mara oa Al Hayat,Culturel,39730,27.0,08:14:00,2022-11-24
269,Journal Télévisé,Info,27209,21.0,22:30:00,2022-10-26
270,Mina Dakira sahraouya,Culturel,25355,31.0,10:58:00,2022-12-12
271,Amnir,documentaires,18191,37.0,11:57:00,2022-10-26
272,Kadaya ramadaniya,Religieux,40211,32.0,11:17:00,2022-10-11
273,Hiraf,Capsule,20001,24.0,15:07:00,2022-11-07
274,Konoz mina sahrae,Culturel,18312,24.0,15:18:00,2022-11-03
275,Sahil aljanoubi,Culturel,35726,39.0,08:32:00,2022-11-13
276,Maa Nass,Politique,19845,40.0,03:19:00,2022-11-29
277,Mina alassima,Politique,28475,20.0,04:01:00,2022-10-08
278,Aljamal bima hamal,Culturel,27870,27.0,07:20:00,2022-10-01
279,samar albidan,Music,21747,40.0,16:19:00,2022-11-13
280,Assrisser Dahbo,feuilleton,40605,19.0,00:05:00,2022-11-07
281,Makam mina tarab hassani,Music,19399,21.0,18:12:00,2022-10-13
282,layali lafrig,Culturel,36538,32.0,02:39:00,2022-11-18
283,bissmilahi lahi namdeh,Culturel,22181,38.0,15:07:00,2022-10-26
284,alfich,Culturel,21590,33.0,13:13:00,2022-10-14
285,sibak kawafi,Culturel,32117,38.0,04:52:00,2022-12-21
286,Quiz Quran,Religieux,24777,26.0,07:03:00,2022-10-18
287,Maa Naha,Culturel,24460,22.0,12:08:00,2022-11-22
288,Hiraf,Capsule,34337,22.0,05:54:00,2022-12-22
289,Midadou chouaara,Culturel,32009,36.0,07:44:00,2022-06-12
290,Fada Ryadi,Sport,20858,27.0,01:07:00,2022-08-17
291,Journal Télévisé,Info,23259,29.0,22:30:00,2022-06-18
292,Agenda,Info,39523,39.0,01:16:00,2022-07-19
293,Sahafatou Al ousbouaa,Info,21706,21.0,17:16:00,2022-06-24
294,Touratak Lak,Culturel,19709,34.0,02:35:00,2022-07-19
295,Tarab,Music,17735,30.0,09:05:00,2022-07-12
296,Nabdou Al Moujtamaa,Culturel,26132,35.0,04:03:00,2022-07-22
297,Journal Télévisé,Info,24685,36.0,22:30:00,2022-07-19
298,Agenda,Info,31689,22.0,11:38:00,2022-07-30
299,Mina Dakira sahraouya,Culturel,37426,31.0,13:24:00,2022-06-02
300,Mara oa Al Hayat,Culturel,20360,33.0,18:51:00,2022-06-20
301,Journal Télévisé,Info,28448,21.0,22:30:00,2022-08-25
302,Mina Dakira sahraouya,Culturel,27136,36.0,08:06:00,2022-06-16
303,Amnir,documentaires,20680,41.0,16:31:00,2022-07-26
304,Kadaya ramadaniya,Religieux,27563,23.0,19:00:00,2022-07-02
305,Hiraf,Capsule,32257,38.0,10:36:00,2022-09-24
306,Konoz mina sahrae,Culturel,28753,28.0,06:54:00,2022-08-02
307,Sahil aljanoubi,Culturel,39472,25.0,06:52:00,2022-07-28
308,Maa Nass,Politique,33362,24.0,20:34:00,2022-09-26
309,Mina alassima,Politique,32453,32.0,18:08:00,2022-08-11
310,Aljamal bima hamal,Culturel,31630,22.0,16:31:00,2022-06-27
311,samar albidan,Music,17830,40.0,03:05:00,2022-07-03
312,Assrisser Dahbo,feuilleton,35905,30.0,15:54:00,2022-06-09
313,Makam mina tarab hassani,Music,24035,28.0,04:15:00,2022-06-03
314,layali lafrig,Culturel,21024,34.0,07:53:00,2022-09-07
315,bissmilahi lahi namdeh,Culturel,20568,21.0,15:31:00,2022-07-25
316,alfich,Culturel,25473,19.0,07:00:00,2022-08-13
317,sibak kawafi,Culturel,26648,39.0,16:07:00,2022-08-06
318,Quiz Quran,Religieux,25468,30.0,02:03:00,2022-09-28
319,Maa Naha,Culturel,33047,37.0,04:33:00,2022-07-23
320,Hiraf,Capsule,20902,35.0,10:14:00,2022-06-20
321,Midadou chouaara,Culturel,24891,29.0,01:42:00,2022-08-30
322,Fada Ryadi,Sport,32498,25.0,12:12:00,2022-06-30
323,Journal Télévisé,Info,22117,38.0,22:30:00,2022-07-03
324,Agenda,Info,17505,27.0,11:40:00,2022-07-20
325,Sahafatou Al ousbouaa,Info,39367,32.0,19:57:00,2022-06-17
326,Touratak Lak,Culturel,38293,33.0,08:03:00,2022-06-16
327,Tarab,Music,24595,38.0,07:04:00,2022-06-25
328,Nabdou Al Moujtamaa,Culturel,17451,28.0,05:28:00,2022-08-04
329,Journal Télévisé,Info,29750,30.0,22:30:00,2022-07-15
330,Agenda,Info,23960,32.0,13:37:00,2022-06-21
331,Mina Dakira sahraouya,Culturel,37468,24.0,00:17:00,2022-07-02
332,Mara oa Al Hayat,Culturel,23549,26.0,01:10:00,2022-08-12
333,Journal Télévisé,Info,27491,34.0,22:30:00,2022-08-28
334,Mina Dakira sahraouya,Culturel,28003,22.0,02:12:00,2022-08-09
335,Amnir,documentaires,17041,23.0,04:02:00,2022-06-27
336,Kadaya ramadaniya,Religieux,35881,24.0,06:41:00,2022-08-20
337,Hiraf,Capsule,37718,25.0,19:21:00,2022-06-04
338,Konoz mina sahrae,Culturel,29263,19.0,09:29:00,2022-08-28
339,Sahil aljanoubi,Culturel,34031,23.0,10:38:00,2022-09-06
340,Maa Nass,Politique,35263,40.0,19:59:00,2022-09-19
341,Mina alassima,Politique,31511,30.0,01:44:00,2022-07-18
342,Aljamal bima hamal,Culturel,33496,28.0,04:52:00,2022-07-11
343,samar albidan,Music,17156,21.0,15:28:00,2022-07-18
344,Assrisser Dahbo,feuilleton,26958,32.0,01:27:00,2022-07-26
345,Makam mina tarab hassani,Music,18028,37.0,10:57:00,2022-08-29
346,layali lafrig,Culturel,30659,23.0,18:17:00,2022-09-30
347,bissmilahi lahi namdeh,Culturel,17167,34.0,20:31:00,2022-09-03
348,alfich,Culturel,37543,19.0,10:19:00,2022-06-02
349,sibak kawafi,Culturel,33787,20.0,08:49:00,2022-07-25
350,Quiz Quran,Religieux,19100,32.0,04:47:00,2022-07-10
351,Maa Naha,Culturel,28782,24.0,18:55:00,2022-07-08
352,Hiraf,Capsule,17509,31.0,11:08:00,2022-08-24
353,Midadou chouaara,Culturel,31433,34.0,13:27:00,2022-06-27
354,Fada Ryadi,Sport,20717,38.0,14:44:00,2022-07-25
355,Journal Télévisé,Info,23562,26.0,22:30:00,2022-09-14
356,Agenda,Info,37518,21.0,06:43:00,2022-06-14
357,Sahafatou Al ousbouaa,Info,33409,35.0,05:01:00,2022-08-20
358,Touratak Lak,Culturel,17981,40.0,19:13:00,2022-09-12
359,Tarab,Music,25106,36.0,10:46:00,2022-08-26
360,Nabdou Al Moujtamaa,Culturel,38997,19.0,17:47:00,2022-07-23
361,Journal Télévisé,Info,30454,35.0,22:30:00,2022-07-19
362,Agenda,Info,39963,38.0,09:48:00,2022-07-09
363,Mina Dakira sahraouya,Culturel,39951,31.0,20:21:00,2022-07-05
364,Mara oa Al Hayat,Culturel,29493,21.0,04:15:00,2022-06-30
365,Journal Télévisé,Info,20581,30.0,22:30:00,2022-09-03
366,Mina Dakira sahraouya,Culturel,18582,29.0,09:34:00,2022-08-03
367,Amnir,documentaires,37384,33.0,07:17:00,2022-09-05
368,Kadaya ramadaniya,Religieux,37453,38.0,00:27:00,2022-06-13
369,Hiraf,Capsule,29678,27.0,04:19:00,2022-08-11
370,Konoz mina sahrae,Culturel,31019,26.0,12:52:00,2022-08-07
371,Sahil aljanoubi,Culturel,29949,38.0,08:03:00,2022-09-24
372,Maa Nass,Politique,40026,28.0,17:53:00,2022-06-14
373,Mina alassima,Politique,24240,36.0,07:00:00,2022-09-24
374,Aljamal bima hamal,Culturel,29578,29.0,18:44:00,2022-06-10
375,samar albidan,Music,25648,34.0,02:21:00,2022-09-18
376,Assrisser Dahbo,feuilleton,25784,32.0,13:44:00,2022-06-02
377,Makam mina tarab hassani,Music,23305,33.0,00:52:00,2022-07-31
378,layali lafrig,Culturel,39272,24.0,00:10:00,2022-07-08
379,bissmilahi lahi namdeh,Culturel,24561,21.0,04:22:00,2022-07-19
380,alfich,Culturel,17442,40.0,12:44:00,2022-07-01
381,sibak kawafi,Culturel,16982,24.0,02:08:00,2022-07-03
382,Quiz Quran,Religieux,19611,21.0,04:20:00,2022-06-20
383,Maa Naha,Culturel,32628,31.0,14:45:00,2022-09-16
384,Hiraf,Capsule,18903,21.0,13:45:00,2022-07-05
385,Midadou chouaara,Culturel,20202,27.0,10:41:00,2022-08-22
386,Fada Ryadi,Sport,30647,34.0,12:10:00,2022-09-19
387,Journal Télévisé,Info,33711,31.0,22:30:00,2022-09-11
388,Agenda,Info,31061,39.0,20:16:00,2022-08-16
389,Sahafatou Al ousbouaa,Info,24868,27.0,05:40:00,2022-06-10
390,Touratak Lak,Culturel,33315,24.0,07:50:00,2022-08-10
391,Tarab,Music,39168,32.0,12:14:00,2022-06-30
392,Nabdou Al Moujtamaa,Culturel,37555,38.0,13:33:00,2022-09-15
393,Journal Télévisé,Info,37432,28.0,22:30:00,2022-07-27
394,Agenda,Info,39125,20.0,06:04:00,2022-07-21
395,Mina Dakira sahraouya,Culturel,17416,30.0,16:56:00,2022-09-28
396,Mara oa Al Hayat,Culturel,19593,31.0,15:09:00,2022-08-15
397,Journal Télévisé,Info,33592,38.0,22:30:00,2022-08-07
398,Mina Dakira sahraouya,Culturel,30479,36.0,13:31:00,2022-08-28
399,Amnir,documentaires,27203,25.0,06:22:00,2022-07-21
400,Kadaya ramadaniya,Religieux,27316,32.0,18:56:00,2022-08-01
401,Hiraf,Capsule,34767,35.0,14:38:00,2022-09-03
402,Assrisser Dahbo,feuilleton,19438,27.0,10:28:00,2022-06-21
403,Makam mina tarab hassani,Music,33378,23.0,06:28:00,2022-07-27
404,layali lafrig,Culturel,17999,21.0,03:15:00,2022-08-08
405,bissmilahi lahi namdeh,Culturel,33248,34.0,19:59:00,2022-06-12
406,alfich,Culturel,17679,39.0,19:39:00,2022-09-29
407,sibak kawafi,Culturel,39702,21.0,05:14:00,2022-06-12
408,Quiz Quran,Religieux,20401,28.0,11:56:00,2022-08-20
409,Maa Naha,Culturel,40135,41.0,17:13:00,2022-08-20
410,Hiraf,Capsule,19259,36.0,15:37:00,2022-08-20
411,Midadou chouaara,Culturel,29526,35.0,16:38:00,2022-09-17
412,alfich,Culturel,30321,21.0,08:35:00,2022-07-07
413,sibak kawafi,Culturel,32343,26.0,11:03:00,2022-06-13
414,Quiz Quran,Religieux,32333,24.0,03:21:00,2022-06-26
415,Maa Naha,Culturel,25040,19.0,02:40:00,2022-08-05
416,Hiraf,Capsule,27171,23.0,14:14:00,2022-08-26
417,Midadou chouaara,Culturel,23079,37.0,07:07:00,2022-08-14
418,Fada Ryadi,Sport,17586,33.0,00:22:00,2022-07-25
419,Journal Télévisé,Info,33386,30.0,22:30:00,2022-08-14
420,Agenda,Info,37232,24.0,07:58:00,2022-08-30
421,Sahafatou Al ousbouaa,Info,21785,31.0,09:58:00,2022-09-09
422,Touratak Lak,Culturel,36689,41.0,17:54:00,2022-08-23
423,Tarab,Music,31580,27.0,02:51:00,2022-08-12
424,Nabdou Al Moujtamaa,Culturel,17535,34.0,10:25:00,2022-09-19
425,Journal Télévisé,Info,24379,37.0,22:30:00,2022-08-01
426,Agenda,Info,17016,31.0,11:26:00,2022-09-21
427,Mina Dakira sahraouya,Culturel,33631,28.0,16:44:00,2022-09-02
428,Mara oa Al Hayat,Culturel,27723,19.0,07:49:00,2022-06-10
429,Journal Télévisé,Info,23119,22.0,22:30:00,2022-07-19
430,Mina Dakira sahraouya,Culturel,27972,30.0,09:55:00,2022-08-04
431,Amnir,documentaires,19859,38.0,20:18:00,2022-08-14
432,Kadaya ramadaniya,Religieux,32331,19.0,08:38:00,2022-07-24
433,Hiraf,Capsule,26063,21.0,16:05:00,2022-08-12
434,Konoz mina sahrae,Culturel,35708,35.0,18:19:00,2022-07-04
435,Sahil aljanoubi,Culturel,33599,37.0,11:03:00,2022-09-01
436,Maa Nass,Politique,25603,25.0,11:20:00,2022-06-24
437,Mina alassima,Politique,27930,26.0,19:49:00,2022-09-19
438,Aljamal bima hamal,Culturel,25483,28.0,12:48:00,2022-07-02
439,samar albidan,Music,23065,39.0,12:15:00,2022-07-08
440,Assrisser Dahbo,feuilleton,26403,38.0,19:57:00,2022-07-03
441,Makam mina tarab hassani,Music,38413,33.0,03:18:00,2022-06-18
442,layali lafrig,Culturel,20390,36.0,12:10:00,2022-06-19
443,bissmilahi lahi namdeh,Culturel,16678,23.0,11:48:00,2022-09-28
444,alfich,Culturel,40904,36.0,08:37:00,2022-09-12
445,sibak kawafi,Culturel,21651,39.0,05:54:00,2022-08-14
446,Quiz Quran,Religieux,29953,19.0,00:17:00,2022-06-12
447,Maa Naha,Culturel,27978,31.0,00:46:00,2022-09-22
448,Hiraf,Capsule,23164,38.0,07:29:00,2022-09-22
449,Midadou chouaara,Culturel,33651,25.0,15:09:00,2022-06-12
450,Fada Ryadi,Sport,28800,35.0,07:50:00,2022-09-25
451,Journal Télévisé,Info,29990,30.0,22:30:00,2022-09-10
452,Agenda,Info,23268,27.0,01:51:00,2022-06-20
453,Sahafatou Al ousbouaa,Info,31376,38.0,14:28:00,2022-07-05
454,Touratak Lak,Culturel,38784,35.0,09:50:00,2022-06-27
455,Tarab,Music,31453,21.0,10:18:00,2022-06-10
456,Nabdou Al Moujtamaa,Culturel,28339,36.0,08:57:00,2022-06-17
457,Journal Télévisé,Info,18919,19.0,22:30:00,2022-07-08
458,Agenda,Info,33203,23.0,07:34:00,2022-07-11
459,Mina Dakira sahraouya,Culturel,37346,29.0,02:07:00,2022-06-11
460,Mara oa Al Hayat,Culturel,30293,25.0,09:41:00,2022-09-13
461,Journal Télévisé,Info,28060,20.0,22:30:00,2022-09-11
462,Mina Dakira sahraouya,Culturel,35315,41.0,06:00:00,2022-09-25
463,Amnir,documentaires,36982,39.0,18:43:00,2022-06-30
464,Kadaya ramadaniya,Religieux,34508,24.0,07:26:00,2022-09-09
465,Hiraf,Capsule,32321,36.0,10:49:00,2022-07-19
466,Konoz mina sahrae,Culturel,38960,23.0,03:56:00,2022-06-30
467,Sahil aljanoubi,Culturel,24018,35.0,03:12:00,2022-08-04
468,Maa Nass,Politique,26762,20.0,20:54:00,2022-09-17
469,Mina alassima,Politique,19453,21.0,07:58:00,2022-08-28
470,Aljamal bima hamal,Culturel,36805,36.0,08:49:00,2022-06-25
471,samar albidan,Music,37139,34.0,10:37:00,2022-07-04
472,Assrisser Dahbo,feuilleton,29247,23.0,05:45:00,2022-08-02
473,Makam mina tarab hassani,Music,20086,32.0,12:01:00,2022-07-01
474,layali lafrig,Culturel,30653,39.0,05:56:00,2022-06-16
475,bissmilahi lahi namdeh,Culturel,19873,22.0,00:15:00,2022-08-06
476,alfich,Culturel,40693,26.0,08:15:00,2022-08-21
477,sibak kawafi,Culturel,40943,30.0,15:44:00,2022-06-13
478,Quiz Quran,Religieux,20412,28.0,18:25:00,2022-09-23
479,Maa Naha,Culturel,17842,24.0,03:21:00,2022-06-06
480,Hiraf,Capsule,32383,35.0,08:24:00,2022-09-18
481,Midadou chouaara,Culturel,40220,39.0,08:40:00,2022-09-28
482,Fada Ryadi,Sport,39863,20.0,16:46:00,2022-07-23
483,Journal Télévisé,Info,35525,26.0,22:30:00,2022-09-15
484,Agenda,Info,25466,23.0,13:59:00,2022-08-10
485,Sahafatou Al ousbouaa,Info,17251,24.0,12:35:00,2022-09-02
486,Touratak Lak,Culturel,35222,20.0,02:54:00,2022-07-18
487,Assrisser Dahbo,feuilleton,33978,20.0,19:21:00,2022-07-18
488,Makam mina tarab hassani,Music,30466,35.0,20:45:00,2022-06-25
489,layali lafrig,Culturel,32641,21.0,01:32:00,2022-07-25
490,bissmilahi lahi namdeh,Culturel,21900,30.0,07:15:00,2022-07-05
491,alfich,Culturel,23322,24.0,16:25:00,2022-06-11
492,sibak kawafi,Culturel,36506,34.0,09:42:00,2022-07-14
493,Quiz Quran,Religieux,36399,37.0,18:32:00,2022-06-01
494,Maa Naha,Culturel,20690,39.0,15:23:00,2022-07-25
495,Hiraf,Capsule,30027,21.0,03:22:00,2022-09-04
496,Midadou chouaara,Culturel,21918,25.0,08:03:00,2022-07-08
497,Hiraf,Capsule,30100,36.0,11:02:00,2022-06-09
498,Konoz mina sahrae,Culturel,35530,23.0,10:51:00,2022-06-19
499,Sahil aljanoubi,Culturel,22128,30.0,06:45:00,2022-08-23
500,Maa Nass,Politique,27850,20.0,01:27:00,2022-07-03
501,Mina alassima,Politique,34276,38.0,00:13:00,2022-06-19
502,Aljamal bima hamal,Culturel,24346,29.0,20:07:00,2022-08-30
503,samar albidan,Music,40097,38.0,02:40:00,2022-07-03
504,Assrisser Dahbo,feuilleton,19178,40.0,00:01:00,2022-09-12
505,Makam mina tarab hassani,Music,40284,22.0,04:04:00,2022-08-16
506,layali lafrig,Culturel,29349,22.0,04:43:00,2022-07-05
507,bissmilahi lahi namdeh,Culturel,40301,30.0,05:07:00,2022-09-29
508,alfich,Culturel,26624,41.0,14:37:00,2022-06-26
509,sibak kawafi,Culturel,28138,21.0,09:31:00,2022-09-06
510,Quiz Quran,Religieux,21154,26.0,14:25:00,2022-07-29
511,Maa Naha,Culturel,18853,26.0,06:21:00,2022-07-25
512,Hiraf,Capsule,30859,27.0,09:31:00,2022-06-17
513,Midadou chouaara,Culturel,25551,38.0,14:41:00,2022-06-21
514,Fada Ryadi,Sport,25323,38.0,03:32:00,2022-07-04
515,Journal Télévisé,Info,39889,26.0,22:30:00,2022-06-09
516,Agenda,Info,20010,39.0,15:59:00,2022-08-05
517,Sahafatou Al ousbouaa,Info,23692,36.0,05:04:00,2022-07-05
518,Touratak Lak,Culturel,30628,25.0,01:29:00,2022-09-17
519,Tarab,Music,36856,21.0,09:44:00,2022-08-30
520,Nabdou Al Moujtamaa,Culturel,31373,40.0,14:16:00,2022-09-15
521,Journal Télévisé,Info,39144,23.0,22:30:00,2022-09-10
522,Agenda,Info,17878,40.0,17:21:00,2022-07-16
523,Mina Dakira sahraouya,Culturel,36035,28.0,15:59:00,2022-06-30
524,Mara oa Al Hayat,Culturel,22861,20.0,18:04:00,2022-08-24
525,Journal Télévisé,Info,35436,23.0,22:30:00,2022-06-29
526,Mina Dakira sahraouya,Culturel,23865,39.0,10:40:00,2022-09-26
527,Amnir,documentaires,16527,21.0,03:17:00,2022-08-15
528,Kadaya ramadaniya,Religieux,24496,27.0,01:00:00,2022-08-27
529,Hiraf,Capsule,17393,28.0,13:43:00,2022-06-19
530,Konoz mina sahrae,Culturel,29101,41.0,00:27:00,2022-08-29
531,Sahil aljanoubi,Culturel,25340,39.0,05:42:00,2022-06-01
532,Maa Nass,Politique,16446,35.0,09:50:00,2022-07-04
533,Mina alassima,Politique,32744,38.0,09:57:00,2022-06-11
534,Aljamal bima hamal,Culturel,28455,28.0,11:21:00,2022-08-06
535,samar albidan,Music,38008,33.0,07:21:00,2022-08-03
536,Assrisser Dahbo,feuilleton,27074,25.0,12:27:00,2022-08-15
537,Makam mina tarab hassani,Music,30845,33.0,09:30:00,2022-06-25
538,layali lafrig,Culturel,32843,27.0,16:15:00,2022-09-27
539,bissmilahi lahi namdeh,Culturel,25514,29.0,04:13:00,2022-07-28
540,alfich,Culturel,25100,25.0,00:31:00,2022-09-12
541,sibak kawafi,Culturel,40361,37.0,14:59:00,2022-06-22
542,Quiz Quran,Religieux,24948,30.0,03:08:00,2022-08-01
543,Maa Naha,Culturel,38896,37.0,13:51:00,2022-06-25
544,Hiraf,Capsule,24960,30.0,11:25:00,2022-07-21
545,Midadou chouaara,Culturel,21088,19.0,20:50:00,2022-09-29
546,Fada Ryadi,Sport,37168,39.0,06:58:00,2022-08-15
547,Journal Télévisé,Info,17936,21.0,22:30:00,2022-09-17
548,Agenda,Info,20449,29.0,09:51:00,2022-06-03
549,Sahafatou Al ousbouaa,Info,20798,21.0,15:30:00,2022-09-30
550,Touratak Lak,Culturel,30902,31.0,19:45:00,2022-07-13
551,Tarab,Music,17578,27.0,10:41:00,2022-06-05
552,Nabdou Al Moujtamaa,Culturel,24289,25.0,12:04:00,2022-06-09
553,Journal Télévisé,Info,28450,29.0,22:30:00,2022-08-12
554,Agenda,Info,22515,28.0,01:11:00,2022-09-05
555,Mina Dakira sahraouya,Culturel,26123,28.0,09:04:00,2022-07-30
556,Mara oa Al Hayat,Culturel,31367,40.0,17:39:00,2022-08-12
557,Journal Télévisé,Info,19772,37.0,22:30:00,2022-06-24
558,Mina Dakira sahraouya,Culturel,24095,24.0,11:38:00,2022-07-30
559,Amnir,documentaires,26180,40.0,06:10:00,2022-07-05
560,Kadaya ramadaniya,Religieux,22895,36.0,17:47:00,2022-06-24
561,Hiraf,Capsule,38134,21.0,20:25:00,2022-07-27
562,Konoz mina sahrae,Culturel,40005,27.0,03:20:00,2022-07-11
563,Sahil aljanoubi,Culturel,37557,20.0,18:41:00,2022-07-28
564,Maa Nass,Politique,18265,34.0,03:12:00,2022-06-18
565,Mina alassima,Politique,21199,36.0,02:09:00,2022-09-19
566,Aljamal bima hamal,Culturel,30662,37.0,05:42:00,2022-08-31
567,samar albidan,Music,33381,38.0,03:40:00,2022-06-12
568,Assrisser Dahbo,feuilleton,39359,37.0,05:53:00,2022-07-12
569,Makam mina tarab hassani,Music,34056,23.0,16:57:00,2022-08-29
570,layali lafrig,Culturel,16350,37.0,12:49:00,2022-09-02
571,bissmilahi lahi namdeh,Culturel,26008,35.0,11:06:00,2022-07-18
572,alfich,Culturel,17886,23.0,20:20:00,2022-08-13
573,sibak kawafi,Culturel,32259,27.0,19:07:00,2022-07-19
574,Quiz Quran,Religieux,22462,25.0,07:39:00,2022-06-06
575,Maa Naha,Culturel,29302,32.0,04:38:00,2022-06-27
576,Hiraf,Capsule,17019,35.0,07:06:00,2022-06-25
577,Midadou chouaara,Culturel,37453,32.0,11:15:00,2022-07-23
578,Fada Ryadi,Sport,34564,39.0,18:49:00,2022-07-02
579,Journal Télévisé,Info,28534,28.0,22:30:00,2022-06-07
580,Agenda,Info,35658,31.0,03:27:00,2022-06-11
581,Sahafatou Al ousbouaa,Info,22995,21.0,17:59:00,2022-07-28
582,Touratak Lak,Culturel,37511,28.0,17:01:00,2022-06-19
583,Tarab,Music,32250,35.0,07:53:00,2022-06-22
584,Nabdou Al Moujtamaa,Culturel,37516,30.0,04:56:00,2022-06-23
585,Journal Télévisé,Info,40083,27.0,22:30:00,2022-09-28
586,Agenda,Info,28815,23.0,16:01:00,2022-06-01
587,Mina Dakira sahraouya,Culturel,39260,33.0,08:39:00,2022-09-13
588,Mara oa Al Hayat,Culturel,20440,26.0,09:24:00,2022-09-02
589,Journal Télévisé,Info,31611,24.0,22:30:00,2022-08-17
590,Mina Dakira sahraouya,Culturel,18946,38.0,13:31:00,2022-09-02
591,Amnir,documentaires,36421,22.0,03:22:00,2022-09-12
592,Kadaya ramadaniya,Religieux,38739,38.0,02:13:00,2022-06-23
593,Hiraf,Capsule,39630,26.0,07:04:00,2022-09-01
594,Konoz mina sahrae,Culturel,19564,28.0,04:24:00,2022-09-11
595,Sahil aljanoubi,Culturel,18696,30.0,18:20:00,2022-06-26
596,Maa Nass,Politique,30377,40.0,03:15:00,2022-06-17
597,Mina alassima,Politique,30451,30.0,12:31:00,2022-08-01
598,Aljamal bima hamal,Culturel,38754,25.0,11:21:00,2022-07-27
599,samar albidan,Music,26986,41.0,14:23:00,2022-09-13
600,Assrisser Dahbo,feuilleton,38147,37.0,01:32:00,2022-08-25
601,Makam mina tarab hassani,Music,38169,23.0,18:58:00,2022-08-06
602,layali lafrig,Culturel,28111,22.0,08:02:00,2022-09-23
603,bissmilahi lahi namdeh,Culturel,29354,20.0,11:34:00,2022-09-19
604,alfich,Culturel,30678,29.0,10:13:00,2022-08-29
605,sibak kawafi,Culturel,23843,41.0,18:21:00,2022-08-29
606,Quiz Quran,Religieux,35807,33.0,09:17:00,2022-07-04
607,Maa Naha,Culturel,26562,19.0,10:52:00,2022-01-22
608,alfich,Culturel,20346,27.0,00:53:00,2022-02-01
609,sibak kawafi,Culturel,37842,28.0,08:13:00,2022-05-14
610,Quiz Quran,Religieux,18757,37.0,18:50:00,2022-05-14
611,Maa Naha,Culturel,21972,32.0,05:07:00,2022-01-02
612,Hiraf,Capsule,29839,37.0,01:41:00,2022-03-24
613,Midadou chouaara,Culturel,21125,32.0,18:58:00,2022-04-02
614,Fada Ryadi,Sport,28937,21.0,17:42:00,2022-05-14
615,Journal Télévisé,Info,36964,21.0,22:30:00,2022-01-08
616,Agenda,Info,20983,21.0,03:41:00,2022-04-16
617,Sahafatou Al ousbouaa,Info,25449,22.0,18:32:00,2022-01-15
618,Touratak Lak,Culturel,37160,41.0,00:15:00,2022-02-09
619,Tarab,Music,23719,29.0,19:59:00,2022-03-13
620,Nabdou Al Moujtamaa,Culturel,21263,29.0,14:12:00,2022-02-05
621,Journal Télévisé,Info,16430,38.0,22:30:00,2022-01-15
622,Agenda,Info,32541,35.0,04:23:00,2022-03-19
623,Mina Dakira sahraouya,Culturel,18135,21.0,03:11:00,2022-01-05
624,Mara oa Al Hayat,Culturel,34298,22.0,01:42:00,2022-03-02
625,Journal Télévisé,Info,30296,30.0,22:30:00,2022-03-01
626,Mina Dakira sahraouya,Culturel,30804,28.0,07:43:00,2022-03-10
627,Amnir,documentaires,34228,30.0,13:29:00,2022-04-09
628,Kadaya ramadaniya,Religieux,29720,22.0,08:58:00,2022-01-24
629,Hiraf,Capsule,24200,39.0,17:17:00,2022-03-17
630,Konoz mina sahrae,Culturel,34357,27.0,12:16:00,2022-01-16
631,Sahil aljanoubi,Culturel,25740,27.0,06:39:00,2022-04-03
632,Maa Nass,Politique,16899,34.0,20:39:00,2022-03-06
633,Mina alassima,Politique,31962,25.0,19:32:00,2022-04-30
634,Aljamal bima hamal,Culturel,38268,25.0,07:18:00,2022-01-12
635,samar albidan,Music,24226,33.0,05:12:00,2022-03-27
636,Assrisser Dahbo,feuilleton,20521,32.0,14:26:00,2022-05-12
637,Makam mina tarab hassani,Music,25774,40.0,07:46:00,2022-03-14
638,layali lafrig,Culturel,23250,35.0,10:36:00,2022-05-09
639,bissmilahi lahi namdeh,Culturel,30437,21.0,07:55:00,2022-05-15
640,alfich,Culturel,29243,39.0,20:44:00,2022-03-12
641,sibak kawafi,Culturel,40164,28.0,17:10:00,2022-05-13
642,Quiz Quran,Religieux,29644,29.0,14:23:00,2022-04-06
643,Maa Naha,Culturel,30221,35.0,20:37:00,2022-03-05
644,Hiraf,Capsule,33895,38.0,07:51:00,2022-01-19
645,Midadou chouaara,Culturel,29904,41.0,15:13:00,2022-02-05
646,Fada Ryadi,Sport,32278,21.0,01:32:00,2022-05-17
647,Journal Télévisé,Info,32346,25.0,22:30:00,2022-03-24
648,Agenda,Info,24798,29.0,03:12:00,2022-05-15
649,Sahafatou Al ousbouaa,Info,26811,33.0,03:26:00,2022-02-22
650,Touratak Lak,Culturel,18037,33.0,15:38:00,2022-04-21
651,Tarab,Music,40756,25.0,06:45:00,2022-05-14
652,Nabdou Al Moujtamaa,Culturel,35454,29.0,14:34:00,2022-05-19
653,Journal Télévisé,Info,39188,28.0,22:30:00,2022-04-16
654,Agenda,Info,28862,21.0,09:25:00,2022-04-29
655,Mina Dakira sahraouya,Culturel,26137,21.0,00:56:00,2022-01-28
656,Mara oa Al Hayat,Culturel,27559,25.0,01:14:00,2022-03-31
657,Journal Télévisé,Info,26086,29.0,22:30:00,2022-05-25
658,Mina Dakira sahraouya,Culturel,34482,26.0,03:05:00,2022-01-13
659,Amnir,documentaires,35147,40.0,15:18:00,2022-03-23
660,Kadaya ramadaniya,Religieux,22723,21.0,13:56:00,2022-01-30
661,Hiraf,Capsule,22870,38.0,16:59:00,2022-03-08
662,Konoz mina sahrae,Culturel,37297,34.0,10:00:00,2022-02-15
663,Sahil aljanoubi,Culturel,26910,19.0,07:35:00,2022-03-19
664,Maa Nass,Politique,25220,27.0,04:50:00,2022-01-15
665,Mina alassima,Politique,33503,29.0,12:13:00,2022-01-09
666,Aljamal bima hamal,Culturel,36576,26.0,20:19:00,2022-05-27
667,samar albidan,Music,16566,23.0,16:25:00,2022-03-07
668,Assrisser Dahbo,feuilleton,32065,19.0,09:46:00,2022-05-25
669,Makam mina tarab hassani,Music,38557,41.0,07:22:00,2022-01-14
670,layali lafrig,Culturel,38485,29.0,15:14:00,2022-04-26
671,bissmilahi lahi namdeh,Culturel,30018,20.0,04:39:00,2022-02-08
672,alfich,Culturel,21837,39.0,04:25:00,2022-04-07
673,sibak kawafi,Culturel,36816,26.0,16:57:00,2022-05-08
674,Quiz Quran,Religieux,21034,31.0,06:46:00,2022-04-19
675,Maa Naha,Culturel,29543,26.0,01:08:00,2022-05-01
676,alfich,Culturel,24758,26.0,10:45:00,2022-01-03
677,sibak kawafi,Culturel,38217,26.0,13:44:00,2022-04-25
678,Quiz Quran,Religieux,37703,25.0,09:55:00,2022-03-31
679,Maa Naha,Culturel,35108,40.0,18:22:00,2022-01-02
680,Hiraf,Capsule,28639,41.0,04:42:00,2022-05-02
681,Midadou chouaara,Culturel,32940,37.0,04:20:00,2022-02-25
682,Fada Ryadi,Sport,19751,30.0,18:20:00,2022-03-08
683,Journal Télévisé,Info,31479,23.0,22:30:00,2022-02-24
684,Agenda,Info,25281,35.0,16:30:00,2022-02-11
685,Sahafatou Al ousbouaa,Info,19605,23.0,10:42:00,2022-05-26
686,Touratak Lak,Culturel,38733,31.0,04:50:00,2022-02-05
687,Tarab,Music,25771,23.0,19:16:00,2022-04-28
688,Nabdou Al Moujtamaa,Culturel,21014,23.0,13:21:00,2022-03-06
689,Journal Télévisé,Info,16562,33.0,22:30:00,2022-05-17
690,Agenda,Info,28580,29.0,02:13:00,2022-04-24
691,Mina Dakira sahraouya,Culturel,17050,26.0,03:52:00,2022-03-10
692,Mara oa Al Hayat,Culturel,38170,37.0,06:02:00,2022-03-23
693,Journal Télévisé,Info,33052,31.0,22:30:00,2022-03-11
694,Mina Dakira sahraouya,Culturel,18279,33.0,14:14:00,2022-02-23
695,Amnir,documentaires,27611,27.0,03:08:00,2022-02-10
696,Kadaya ramadaniya,Religieux,29306,38.0,14:33:00,2022-02-02
697,Hiraf,Capsule,37752,26.0,07:12:00,2022-04-22
698,Konoz mina sahrae,Culturel,19790,24.0,11:40:00,2022-01-25
699,Sahil aljanoubi,Culturel,37497,39.0,08:48:00,2022-04-23
700,Maa Nass,Politique,30126,40.0,18:46:00,2022-04-20
701,Mina alassima,Politique,19298,40.0,02:38:00,2022-05-09
702,Aljamal bima hamal,Culturel,20223,27.0,03:25:00,2022-01-17
703,samar albidan,Music,37457,33.0,18:06:00,2022-02-19
704,Assrisser Dahbo,feuilleton,21646,39.0,01:10:00,2022-01-06
705,Makam mina tarab hassani,Music,21908,23.0,09:55:00,2022-05-09
706,layali lafrig,Culturel,21784,31.0,17:11:00,2022-02-02
707,bissmilahi lahi namdeh,Culturel,21184,24.0,10:48:00,2022-01-15
708,alfich,Culturel,29949,41.0,11:24:00,2022-04-08
709,sibak kawafi,Culturel,29445,39.0,16:10:00,2022-04-24
710,Quiz Quran,Religieux,37338,30.0,15:54:00,2022-05-21
711,Maa Naha,Culturel,18670,35.0,15:32:00,2022-01-24
712,Hiraf,Capsule,30641,24.0,08:24:00,2022-01-16
713,Midadou chouaara,Culturel,25477,35.0,18:05:00,2022-04-22
714,Fada Ryadi,Sport,34954,39.0,16:02:00,2022-02-22
715,Journal Télévisé,Info,24083,27.0,22:30:00,2022-04-21
716,Agenda,Info,31665,28.0,18:02:00,2022-05-14
717,Sahafatou Al ousbouaa,Info,21938,35.0,00:03:00,2022-01-08
718,Touratak Lak,Culturel,31155,22.0,15:37:00,2022-02-13
719,Tarab,Music,39380,38.0,06:17:00,2022-01-16
720,Nabdou Al Moujtamaa,Culturel,22798,20.0,08:03:00,2022-04-12
721,Journal Télévisé,Info,19403,23.0,22:30:00,2022-04-15
722,Agenda,Info,33631,33.0,13:04:00,2022-03-25
723,Mina Dakira sahraouya,Culturel,37070,38.0,18:50:00,2022-01-20
724,Mara oa Al Hayat,Culturel,16420,22.0,15:39:00,2022-05-19
725,Journal Télévisé,Info,34180,36.0,12:47:00,2022-01-19
726,Mina Dakira sahraouya,Culturel,18671,21.0,06:01:00,2022-03-07
727,Amnir,documentaires,37017,34.0,17:22:00,2022-02-11
728,Midadou chouaara,Culturel,23509,39.0,11:40:00,2022-01-10
729,Fada Ryadi,Sport,39487,38.0,10:15:00,2022-03-26
730,Journal Télévisé,Info,34497,28.0,22:30:00,2022-02-01
731,Agenda,Info,24962,20.0,15:37:00,2022-02-23
732,Sahafatou Al ousbouaa,Info,35413,37.0,20:37:00,2022-05-26
733,Touratak Lak,Culturel,33152,23.0,09:07:00,2022-04-14
734,Tarab,Music,23611,30.0,20:43:00,2022-05-10
735,Nabdou Al Moujtamaa,Culturel,38386,35.0,15:18:00,2022-02-24
736,Journal Télévisé,Info,26173,28.0,22:30:00,2022-05-18
737,Agenda,Info,36152,22.0,15:49:00,2022-05-07
738,Mina Dakira sahraouya,Culturel,36710,40.0,18:33:00,2022-02-06
739,Mara oa Al Hayat,Culturel,16648,31.0,05:57:00,2022-05-23
740,Journal Télévisé,Info,28325,35.0,22:30:00,2022-04-14
741,Mina Dakira sahraouya,Culturel,30412,38.0,02:00:00,2022-01-06
742,Quiz Quran,Religieux,24974,41.0,03:55:00,2022-01-02
743,Maa Naha,Culturel,17173,27.0,14:34:00,2022-05-08
744,alfich,Culturel,19114,39.0,05:03:00,2022-04-28
745,sibak kawafi,Culturel,29376,19.0,16:31:00,2022-04-09
746,Quiz Quran,Religieux,34445,26.0,19:26:00,2022-03-19
747,Maa Naha,Culturel,33471,25.0,09:16:00,2022-05-18
748,Hiraf,Capsule,29342,36.0,12:25:00,2022-04-29
749,Midadou chouaara,Culturel,31797,30.0,18:27:00,2022-01-19
750,Fada Ryadi,Sport,33132,32.0,19:28:00,2022-01-26
751,Journal Télévisé,Info,19426,30.0,22:30:00,2022-04-13
752,Agenda,Info,34732,31.0,12:32:00,2022-03-31
753,Sahafatou Al ousbouaa,Info,32493,19.0,11:25:00,2022-05-02
754,Touratak Lak,Culturel,19112,20.0,17:08:00,2022-01-13
755,Tarab,Music,36891,34.0,13:38:00,2022-01-25
756,Nabdou Al Moujtamaa,Culturel,25181,32.0,09:57:00,2022-03-29
757,Journal Télévisé,Info,40757,29.0,22:30:00,2022-03-14
758,Agenda,Info,38000,25.0,19:13:00,2022-03-23
759,Mina Dakira sahraouya,Culturel,24237,39.0,02:14:00,2022-05-14
760,Mara oa Al Hayat,Culturel,19634,37.0,13:59:00,2022-03-13
761,Journal Télévisé,Info,27637,39.0,22:30:00,2022-02-22
762,Mina Dakira sahraouya,Culturel,23108,33.0,16:16:00,2022-01-23
763,Amnir,documentaires,26706,32.0,05:06:00,2022-02-22
764,Kadaya ramadaniya,Religieux,38430,26.0,20:13:00,2022-05-29
765,Hiraf,Capsule,33902,32.0,13:24:00,2022-03-25
766,Konoz mina sahrae,Culturel,20260,37.0,19:25:00,2022-04-23
767,Sahil aljanoubi,Culturel,29514,37.0,20:05:00,2022-04-04
768,Maa Nass,Politique,21910,28.0,01:29:00,2022-04-18
769,Mina alassima,Politique,18841,27.0,09:59:00,2022-04-03
770,Aljamal bima hamal,Culturel,22527,38.0,08:27:00,2022-02-12
771,samar albidan,Music,17047,35.0,09:57:00,2022-01-02
772,Assrisser Dahbo,feuilleton,24537,27.0,13:31:00,2022-05-20
773,Makam mina tarab hassani,Music,26145,28.0,19:17:00,2022-01-19
774,layali lafrig,Culturel,28302,38.0,05:54:00,2022-02-26
775,bissmilahi lahi namdeh,Culturel,34027,31.0,16:42:00,2022-03-05
776,alfich,Culturel,19773,22.0,18:42:00,2022-01-09
777,sibak kawafi,Culturel,31224,32.0,09:12:00,2022-01-10
778,Quiz Quran,Religieux,32086,21.0,19:51:00,2022-02-03
779,Maa Naha,Culturel,32790,34.0,16:49:00,2022-02-27
780,Hiraf,Capsule,24589,34.0,18:34:00,2022-05-09
781,Midadou chouaara,Culturel,20731,25.0,01:16:00,2022-01-01
782,Fada Ryadi,Sport,32012,38.0,11:23:00,2022-01-01
783,Journal Télévisé,Info,28082,36.0,22:30:00,2022-01-11
784,Agenda,Info,24538,30.0,14:01:00,2022-03-30
785,Sahafatou Al ousbouaa,Info,20675,30.0,19:09:00,2022-01-11
786,Touratak Lak,Culturel,25255,37.0,14:55:00,2022-04-13
787,Tarab,Music,19982,41.0,04:48:00,2022-03-16
788,Nabdou Al Moujtamaa,Culturel,17676,29.0,02:15:00,2022-03-17
789,Journal Télévisé,Info,33798,22.0,22:30:00,2022-01-07
790,Agenda,Info,37383,30.0,01:36:00,2022-05-02
791,Mina Dakira sahraouya,Culturel,37849,30.0,16:20:00,2022-02-17
792,Mara oa Al Hayat,Culturel,30175,39.0,12:35:00,2022-03-08
793,Journal Télévisé,Info,35466,40.0,22:30:00,2022-04-10
794,Mina Dakira sahraouya,Culturel,39951,25.0,13:51:00,2022-04-28
795,Amnir,documentaires,34826,32.0,09:55:00,2022-01-06
796,Kadaya ramadaniya,Religieux,35526,39.0,10:18:00,2022-02-04
797,Hiraf,Capsule,21991,28.0,18:07:00,2022-03-29
798,Konoz mina sahrae,Culturel,38825,35.0,08:30:00,2022-01-16
799,Sahil aljanoubi,Culturel,32787,31.0,13:21:00,2022-02-18
800,Maa Nass,Politique,33144,26.0,19:45:00,2022-05-14
801,Mina alassima,Politique,40366,27.0,08:16:00,2022-04-15
802,Aljamal bima hamal,Culturel,38156,22.0,20:59:00,2022-02-13
803,samar albidan,Music,24728,24.0,09:59:00,2022-05-27
804,Assrisser Dahbo,feuilleton,32642,41.0,20:20:00,2022-01-04
805,Makam mina tarab hassani,Music,26342,38.0,12:25:00,2022-01-21
806,layali lafrig,Culturel,34536,22.0,20:16:00,2022-04-07
807,bissmilahi lahi namdeh,Culturel,28599,26.0,16:18:00,2022-01-15
808,alfich,Culturel,30491,29.0,19:36:00,2022-01-11
809,sibak kawafi,Culturel,23226,19.0,08:09:00,2022-04-12
810,Quiz Quran,Religieux,39495,36.0,07:35:00,2022-05-04
811,Maa Naha,Culturel,38889,36.0,20:06:00,2022-03-08
812,alfich,Culturel,28800,23.0,14:17:00,2022-03-17
813,sibak kawafi,Culturel,28537,33.0,03:40:00,2022-02-23
814,Quiz Quran,Religieux,17530,25.0,15:17:00,2022-05-16
815,Maa Naha,Culturel,33336,25.0,14:43:00,2022-02-27
816,Hiraf,Capsule,29029,25.0,09:28:00,2022-02-01
817,Midadou chouaara,Culturel,39618,41.0,16:09:00,2022-03-26
818,Fada Ryadi,Sport,37306,29.0,03:38:00,2022-05-03
819,Journal Télévisé,Info,28585,20.0,22:30:00,2022-04-06
820,Agenda,Info,29090,22.0,03:52:00,2022-03-24
821,Sahafatou Al ousbouaa,Info,16432,23.0,05:05:00,2022-02-06
822,Touratak Lak,Culturel,35830,29.0,11:07:00,2022-02-01
823,Tarab,Music,36472,21.0,02:48:00,2022-05-04
824,Nabdou Al Moujtamaa,Culturel,39348,29.0,15:32:00,2022-01-21
825,Journal Télévisé,Info,21635,20.0,22:30:00,2022-03-26
826,Agenda,Info,35639,32.0,03:00:00,2022-04-14
827,Mina Dakira sahraouya,Culturel,19977,38.0,05:21:00,2022-04-16
828,Mara oa Al Hayat,Culturel,40595,31.0,09:20:00,2022-05-13
829,Journal Télévisé,Info,29476,30.0,22:30:00,2022-02-10
830,Mina Dakira sahraouya,Culturel,29062,35.0,16:36:00,2022-05-13
831,Amnir,documentaires,29309,33.0,11:15:00,2022-02-07
832,Kadaya ramadaniya,Religieux,21853,39.0,03:57:00,2022-02-02
833,Hiraf,Capsule,39279,34.0,11:34:00,2022-04-20
834,Konoz mina sahrae,Culturel,34879,30.0,01:11:00,2022-01-15
835,Sahil aljanoubi,Culturel,21944,24.0,18:55:00,2022-04-29
836,Maa Nass,Politique,36114,23.0,17:56:00,2022-04-30
837,Midadou chouaara,Culturel,40086,35.0,19:42:00,2022-01-31
838,Fada Ryadi,Sport,16370,40.0,06:29:00,2022-03-28
839,Journal Télévisé,Info,24371,41.0,22:30:00,2022-02-28
840,Agenda,Info,23193,39.0,19:51:00,2022-05-28
841,Sahafatou Al ousbouaa,Info,32298,41.0,10:54:00,2022-02-03
842,Touratak Lak,Culturel,31919,24.0,13:55:00,2022-02-01
843,Tarab,Music,25162,28.0,11:47:00,2022-02-10
844,Nabdou Al Moujtamaa,Culturel,21546,20.0,18:49:00,2022-04-15
845,Journal Télévisé,Info,35125,20.0,22:30:00,2022-03-08
846,Agenda,Info,24112,33.0,01:05:00,2022-05-21
847,Mina Dakira sahraouya,Culturel,38430,22.0,01:05:00,2022-02-21
848,Mara oa Al Hayat,Culturel,27533,20.0,00:02:00,2022-04-29
849,Journal Télévisé,Info,20812,41.0,22:30:00,2022-04-03
850,Mina Dakira sahraouya,Culturel,19871,26.0,01:26:00,2022-04-08
851,Journal Télévisé,Info,17870,20.0,22:30:00,2022-01-21
852,Agenda,Info,22790,37.0,15:53:00,2022-01-08
853,Sahafatou Al ousbouaa,Info,34103,21.0,08:25:00,2022-02-01
854,Touratak Lak,Culturel,33562,36.0,04:09:00,2022-04-15
855,Tarab,Music,36118,21.0,03:33:00,2022-01-07
856,Nabdou Al Moujtamaa,Culturel,35920,22.0,03:31:00,2022-04-11
857,Journal Télévisé,Info,29415,41.0,22:30:00,2022-01-22
858,Agenda,Info,34174,35.0,00:00:00,2022-04-11
859,Mina Dakira sahraouya,Culturel,23729,25.0,07:23:00,2022-05-24
860,Mara oa Al Hayat,Culturel,24278,20.0,19:42:00,2022-03-12
861,Journal Télévisé,Info,36858,35.0,22:30:00,2022-01-08
862,Mina Dakira sahraouya,Culturel,16903,36.0,11:20:00,2022-01-08
863,Amnir,documentaires,26104,40.0,03:40:00,2022-03-18
864,Kadaya ramadaniya,Religieux,30970,34.0,18:23:00,2022-01-15
865,Hiraf,Capsule,29384,26.0,20:03:00,2022-04-22
866,Konoz mina sahrae,Culturel,35144,27.0,11:48:00,2022-02-26
867,Sahil aljanoubi,Culturel,26847,25.0,14:24:00,2022-03-31
868,Maa Nass,Politique,27471,38.0,14:24:00,2022-02-21
869,Mina alassima,Politique,19132,23.0,04:23:00,2022-04-17
870,Aljamal bima hamal,Culturel,35219,41.0,05:02:00,2022-03-31
871,samar albidan,Music,37074,41.0,13:27:00,2022-03-15
872,Assrisser Dahbo,feuilleton,20800,41.0,20:09:00,2022-02-10
873,Makam mina tarab hassani,Music,22941,25.0,15:22:00,2022-02-20
874,layali lafrig,Culturel,37655,35.0,00:07:00,2022-04-29
875,bissmilahi lahi namdeh,Culturel,40524,22.0,01:46:00,2022-03-01
876,alfich,Culturel,19196,24.0,00:47:00,2022-02-21
877,sibak kawafi,Culturel,26035,31.0,00:40:00,2022-03-19
878,Quiz Quran,Religieux,39221,26.0,09:03:00,2022-02-16
879,Maa Naha,Culturel,34336,36.0,14:36:00,2022-04-06
880,alfich,Culturel,30624,33.0,12:28:00,2022-01-30
881,sibak kawafi,Culturel,19890,25.0,00:31:00,2022-01-15
882,Quiz Quran,Religieux,37793,24.0,08:38:00,2022-01-09
883,Maa Naha,Culturel,40979,31.0,04:21:00,2022-03-06
884,Hiraf,Capsule,34260,41.0,10:10:00,2022-04-05
885,Midadou chouaara,Culturel,20275,22.0,02:41:00,2022-02-20
886,Fada Ryadi,Sport,21893,35.0,10:01:00,2022-03-29
887,Journal Télévisé,Info,31633,41.0,13:47:00,2022-02-11
888,Agenda,Info,27275,26.0,12:33:00,2022-04-30
889,Sahafatou Al ousbouaa,Info,39999,20.0,17:30:00,2022-04-25
890,Touratak Lak,Culturel,40331,26.0,05:42:00,2022-01-19
891,Tarab,Music,20881,34.0,14:28:00,2022-01-14
892,Nabdou Al Moujtamaa,Culturel,40922,32.0,07:30:00,2022-05-12
893,Journal Télévisé,Info,38217,25.0,18:03:00,2022-03-23
894,Agenda,Info,21063,31.0,12:28:00,2022-01-29
895,Mina Dakira sahraouya,Culturel,30197,30.0,03:35:00,2022-05-29
896,Mara oa Al Hayat,Culturel,18324,27.0,03:14:00,2022-01-05
897,Journal Télévisé,Info,22157,32.0,19:52:00,2022-05-11
898,Mina Dakira sahraouya,Culturel,23533,20.0,14:37:00,2022-01-12
899,Amnir,documentaires,16511,24.0,06:40:00,2022-03-18
900,Kadaya ramadaniya,Religieux,33244,34.0,12:53:00,2022-04-28
901,Hiraf,Capsule,24729,31.0,09:20:00,2022-05-01
902,Konoz mina sahrae,Culturel,17324,25.0,06:06:00,2022-05-16
903,Sahil aljanoubi,Culturel,20092,40.0,01:46:00,2022-03-28
904,Maa Nass,Politique,19472,38.0,13:54:00,2022-04-10
905,Mina alassima,Politique,18574,34.0,14:40:00,2022-03-31
906,Aljamal bima hamal,Culturel,36747,24.0,04:19:00,2022-05-22
907,samar albidan,Music,24926,41.0,17:01:00,2022-03-02
908,Assrisser Dahbo,feuilleton,40844,21.0,10:37:00,2022-01-06
909,Makam mina tarab hassani,Music,31847,34.0,12:11:00,2022-02-18
910,layali lafrig,Culturel,40791,39.0,18:53:00,2022-05-17
911,bissmilahi lahi namdeh,Culturel,27507,37.0,16:34:00,2022-05-20
912,alfich,Culturel,33716,33.0,13:41:00,2022-05-27
913,sibak kawafi,Culturel,29276,40.0,13:06:00,2022-05-06
914,Quiz Quran,Religieux,18982,20.0,00:55:00,2022-03-12
915,Maa Naha,Culturel,29485,24.0,05:43:00,2022-03-04
916,Hiraf,Capsule,27863,33.0,15:55:00,2022-01-24
917,Midadou chouaara,Culturel,22027,39.0,08:36:00,2022-04-10
918,Fada Ryadi,Sport,34175,21.0,18:39:00,2022-01-26
919,Journal Télévisé,Info,32177,30.0,18:22:00,2022-04-29
920,Agenda,Info,20416,41.0,08:15:00,2022-02-18
921,Sahafatou Al ousbouaa,Info,38285,19.0,12:32:00,2022-03-16
922,Touratak Lak,Culturel,31268,38.0,15:25:00,2022-03-05
923,Tarab,Music,33330,28.0,14:43:00,2022-03-15
924,Nabdou Al Moujtamaa,Culturel,25623,41.0,06:34:00,2022-02-18
925,Journal Télévisé,Info,21974,19.0,15:39:00,2022-03-13
926,Agenda,Info,35670,32.0,14:55:00,2022-04-28
927,Mina Dakira sahraouya,Culturel,23884,20.0,07:54:00,2022-04-07
928,Mara oa Al Hayat,Culturel,20523,28.0,05:42:00,2022-02-07
929,Journal Télévisé,Info,25266,22.0,17:36:00,2022-03-04
930,Mina Dakira sahraouya,Culturel,40323,38.0,04:57:00,2022-03-11
931,Amnir,documentaires,26498,27.0,17:16:00,2022-05-13
932,Kadaya ramadaniya,Religieux,17990,29.0,05:36:00,2022-05-12
933,Hiraf,Capsule,31418,37.0,02:52:00,2022-04-04
934,Konoz mina sahrae,Culturel,31139,31.0,18:48:00,2022-01-16
935,Sahil aljanoubi,Culturel,38615,39.0,17:50:00,2022-03-27
936,Maa Nass,Politique,33352,30.0,14:17:00,2022-05-17
937,Mina alassima,Politique,23779,31.0,18:25:00,2022-05-22
938,Midadou chouaara,Culturel,19632,22.0,00:58:00,2022-01-07
939,Fada Ryadi,Sport,33416,37.0,04:11:00,2022-05-08
940,Journal Télévisé,Info,26733,34.0,19:41:00,2022-04-06
941,Agenda,Info,17640,25.0,10:28:00,2022-02-06
942,Sahafatou Al ousbouaa,Info,35008,41.0,11:28:00,2022-01-02
943,Touratak Lak,Culturel,30633,32.0,12:39:00,2022-04-05
944,Tarab,Music,20200,33.0,00:01:00,2022-05-25
945,Nabdou Al Moujtamaa,Culturel,33661,39.0,01:17:00,2022-04-19
946,Journal Télévisé,Info,35329,20.0,00:17:00,2022-02-23
947,Agenda,Info,22170,22.0,11:35:00,2022-01-12
948,Mina Dakira sahraouya,Culturel,30603,28.0,04:23:00,2022-04-16
949,Mara oa Al Hayat,Culturel,35383,33.0,14:54:00,2022-02-28
950,Journal Télévisé,Info,24945,41.0,13:13:00,2022-02-03
951,Mina Dakira sahraouya,Culturel,33283,30.0,16:30:00,2022-01-14
952,Hiraf,Capsule,30776,33.0,20:12:00,2022-02-16
953,Midadou chouaara,Culturel,20535,19.0,04:02:00,2022-04-08
954,Fada Ryadi,Sport,27423,33.0,19:06:00,2022-02-19
955,Journal Télévisé,Info,21366,34.0,08:18:00,2022-04-10
956,Agenda,Info,21884,27.0,18:22:00,2022-03-23
957,Sahafatou Al ousbouaa,Info,32748,25.0,17:45:00,2022-02-06
958,Touratak Lak,Culturel,16731,35.0,01:39:00,2022-05-03
959,Tarab,Music,32583,27.0,05:04:00,2022-01-01
960,Nabdou Al Moujtamaa,Culturel,19901,24.0,17:47:00,2022-04-23
961,Journal Télévisé,Info,22020,37.0,10:40:00,2022-04-07
962,Agenda,Info,21743,21.0,19:02:00,2022-04-16
963,Mina Dakira sahraouya,Culturel,38825,28.0,15:23:00,2022-01-19
964,Mara oa Al Hayat,Culturel,24514,24.0,03:33:00,2022-05-07
965,Journal Télévisé,Info,16754,27.0,09:04:00,2022-05-15
966,Mina Dakira sahraouya,Culturel,32636,31.0,02:12:00,2022-01-15
967,Amnir,documentaires,27168,38.0,04:19:00,2022-05-22
968,Kadaya ramadaniya,Religieux,17802,23.0,16:52:00,2022-02-27
969,Hiraf,Capsule,37131,34.0,13:35:00,2022-05-04
970,Konoz mina sahrae,Culturel,38569,20.0,11:45:00,2022-01-07
971,Sahil aljanoubi,Culturel,25397,37.0,07:43:00,2022-01-21
972,Maa Nass,Politique,21648,32.0,16:25:00,2022-03-31
973,Mina alassima,Politique,29282,29.0,13:13:00,2022-01-06
974,Aljamal bima hamal,Culturel,32291,40.0,10:22:00,2022-04-26
975,samar albidan,Music,40245,33.0,06:04:00,2022-04-17
976,Assrisser Dahbo,feuilleton,28114,37.0,19:47:00,2022-02-04
977,Makam mina tarab hassani,Music,40318,39.0,03:51:00,2022-05-19
978,layali lafrig,Culturel,17195,20.0,11:05:00,2022-05-30
979,bissmilahi lahi namdeh,Culturel,30730,19.0,13:51:00,2022-05-12
980,alfich,Culturel,26508,32.0,20:09:00,2022-04-02
981,sibak kawafi,Culturel,30471,35.0,11:33:00,2022-03-05
982,Quiz Quran,Religieux,20879,32.0,09:12:00,2022-04-30
983,Maa Naha,Culturel,19762,40.0,16:29:00,2022-01-19
984,Hiraf,Capsule,38157,29.0,05:40:00,2022-01-16
985,Midadou chouaara,Culturel,35917,20.0,00:20:00,2022-05-07
986,Fada Ryadi,Sport,38792,31.0,04:03:00,2022-02-06
987,Journal Télévisé,Info,24780,28.0,15:41:00,2022-03-08
988,Agenda,Info,17484,24.0,17:58:00,2022-02-24
989,Sahafatou Al ousbouaa,Info,32693,37.0,02:23:00,2022-05-12
990,Touratak Lak,Culturel,32828,39.0,04:38:00,2022-02-21
991,Tarab,Music,29773,22.0,06:28:00,2022-03-03
992,Nabdou Al Moujtamaa,Culturel,22744,31.0,12:58:00,2022-05-12
993,Journal Télévisé,Info,22174,31.0,01:15:00,2022-01-15
994,Agenda,Info,17864,29.0,17:00:00,2022-05-06
995,Mina Dakira sahraouya,Culturel,18940,38.0,02:20:00,2022-05-12
996,Mara oa Al Hayat,Culturel,20932,21.0,13:15:00,2022-04-29
997,Journal Télévisé,Info,33422,38.0,12:27:00,2022-04-06
998,Mina Dakira sahraouya,Culturel,33985,28.0,05:19:00,2022-01-29
999,Amnir,documentaires,30468,27.0,19:38:00,2022-03-22
1000,Kadaya ramadaniya,Religieux,16555,38.0,18:07:00,2022-02-03
1001,Hiraf,Capsule,21557,35.0,07:06:00,2022-01-22
1002,Konoz mina sahrae,Culturel,33988,32.0,01:02:00,2022-03-11
1003,Sahil aljanoubi,Culturel,18640,36.0,07:22:00,2022-02-08
1004,Maa Nass,Politique,22178,20.0,20:52:00,2022-05-28
1005,Mina alassima,Politique,19125,21.0,10:22:00,2022-05-20
1006,Aljamal bima hamal,Culturel,35096,28.0,16:00:00,2022-02-06
1007,samar albidan,Music,18091,34.0,06:30:00,2022-04-07
1008,Assrisser Dahbo,feuilleton,30652,21.0,15:52:00,2022-04-17
1009,Makam mina tarab hassani,Music,29416,38.0,09:14:00,2022-01-05
1010,layali lafrig,Culturel,27577,40.0,04:42:00,2022-03-13
1011,bissmilahi lahi namdeh,Culturel,33372,38.0,05:44:00,2022-01-28
1012,alfich,Culturel,17570,23.0,12:40:00,2022-03-10
1013,sibak kawafi,Culturel,27336,20.0,06:35:00,2022-03-27
1014,Quiz Quran,Religieux,26035,38.0,17:53:00,2022-02-10
1015,Maa Naha,Culturel,17691,31.0,19:15:00,2022-05-12
1016,Mahattat,documentaires,600,10.0,23:15:00,2023-02-07
